company,category,date,title,summary,source,url
Issuer A,Company News,2026-04-01,"Amex to launch new BOS, CLT lounges, expand DFW lounge - The Points Guy",,The Points Guy,https://news.google.com/rss/articles/CBMiiwFBVV95cUxPTHZWNmxZU0RVSXRQSVJXS2tZZ29ROFpiOGlBNEh4OHUybTBuaWFUQzBNZEQzNUlMRjloWVVkbEhKT2lTQzFEdDZZWFItVzltYnJLQ01oRXJ3TXZ0bmpLT0dRbGZUZjZRTHVSMnVydmhkbktyRm5vdGVzYnRkZndwaHVhcC1SWmNHNnkw?oc=5
Issuer A,Company News,2026-04-01,American Express just announced new lounge plans for 3 major U.S. airports. One concept truly stands out - Fast Company,,Fast Company,https://news.google.com/rss/articles/CBMikgFBVV95cUxOVGw5dzlIYnFrZ1FtNlRiZ2JpSUQ2UHdFeS1QVVh6dUpHUXBMNW1GcjZNS1ZOMDFzUHNweU1vZEtMRTA2WFMtYjZHSzlSM2RRTXU4MUVNWkxMTzZxX0VuaDhQaXd4X2xWVWFVNElLT09Lb0UyY2RjQzhpck5zUnJYOFhrbmFWYnRidVJseWdwdnRtdw?oc=5
Issuer A,Company News,2026-04-01,American Express to open a two-story lounge at Logan with a terrace and a view - The Boston Globe,,The Boston Globe,https://news.google.com/rss/articles/CBMiogFBVV95cUxNZDYwWEVvY3VSSUc5blpMTDdGOFVubjVtZl9ZNUN4RURINzJ3MllFX05qUEtkWVVHblZOMmdfMkNWbFRPM0RxUnJyTXJsdTZ5VzJTRHZZQXlzbkkweERpTGxFMHhXRjNlNV9QSVFvdnFDTzBqU1VUQkVpR2hpVHFhS1ZncEloSWpVeGFtTEpETkZLX0tzWk5wRlhNOXVvbXhsZFE?oc=5
Issuer A,Company News,2026-04-02,1 Unstoppable Dividend Stock to Buy and Hold for a Decade - The Motley Fool,,The Motley Fool,https://news.google.com/rss/articles/CBMimAFBVV95cUxOWDVidEU3R0Q5Um9naUZrenJLTnNva2FibFZHODJ3a3VUNmRNbDFLaC13ZmhHY3VLRkVQVjAySDVRNVBzcWRsTElaQlNaOTNuTzJza3N0TlhJNk0wSml2YVdpbEN2V1RzSVE1LXY5WTFUZHdiUDFYS3NaZEVhckFndWJUemZadVFXazQ5WUxRV2Z6OFhrMUNVNA?oc=5
Issuer A,Company News,2026-04-02,"American Express, Resy and Chef’s Table Announce Expansive Partnership to Transform Culinary Storytelling Into Real-World Dining Experiences - Yahoo Finance",,Yahoo Finance,https://news.google.com/rss/articles/CBMiowFBVV95cUxPS1hnZXgwVWF5UHptZXM5dE9oVGVXcndhb1Y4Wm9qVUFQTjhHQ1g3MktNUk5ST1plTGNTdUExajRJNnoyd1BzR1BMRi0tZ0c5TkZ4ZVJCdUdzci1CcjBJOURlVmxEdC1NTU5PQzl2cVZnMUl1NWZBU0huT25hSlZyWnhxNVcyZWRNLWJfYjR2ZWk4YklqZGFNQldoMlJiZzRIN2I0?oc=5
Issuer A,Company News,2026-04-02,Linux Foundation is Launching the x402 Foundation and Welcoming the Contribution of the x402 Protocol - Linux Foundation,,Linux Foundation,https://news.google.com/rss/articles/CBMi1gFBVV95cUxOdHpHY3NpRC1wX1I4M1pIbkVwNFhGN0sweWNBMW82ckhWQjY2d1VVcDcxRjZic0pkZFpNNmdmcElYdXcwR1lkWldHNG5oT0pSanpwZ3dPQXhHaUd0RGR6bkZBX2plY0tCU3hwMFB1NHhadk4wVEY0b2lZLWEzWW42UThaYXlQZzkzajRRdVBueWtMejRCWThYR1BwQWt4OVdWQXdpbTZxbUt1U084WG0tVmdGWEFHbDV2T2p1ZVpkQzliVEhza1RIWGstRGdndVRsZFJDYk930gHmAUFVX3lxTE83VkJYZWQ3RnJWU2ViWFhhazd3ZThMV1h1SDJBbnZWRzd5WC1qSjMxVmZZajdSTEtiNmd1cnBtRzJmakw0VnJFTjNVdXpJbTZ1dHJsWjlGTC1PT0ZmU19HMXBCWmFPRjZOekVDVGNFVXZWcXgzM1hHdW9uWHpqUWZrS2FGX0tUWHB5dVc4SEpsUENvVjZIREtVWTFoN056cVluc2o2TTlRM2wtdWhaQ1poaWp0bnU5cW13QS02WjlKQW5INGFnQTBpWjVuYUdKbU9LVC1SSmdZRVM1OVQ1NXdZWG11Ukd3?oc=5
Issuer A,Company News,2026-04-03,How CEO Ed Bastian built Delta’s $8 billion per year partnership with American Express - Fortune,,Fortune,https://news.google.com/rss/articles/CBMixwFBVV95cUxNRDhOWlNCaUxMdHpkY1JsMk80emNUUkxCVWczbEcwOGtSQUt4VW9vTHBQZzhHZVRwX1M4b1BIem5SaXAwakdqMElXZGszYmRhZmM1eFRkN2RiSnN1VmtmWG1vaDh2WUNTbFByem5BMzg4Nmw2MDhjLThxYlVMdkZQbXRCOUVsb0xrb1prc0R0WUU4LXhJS1F2NFNCYUpuY1Nfa19BanhPcUVYOUlqTHpsaUxPTVJsT3RYc0x3WDJxNTd3djRnSmxB?oc=5
Issuer A,Company News,2026-04-03,American Express Opens New Centurion Lounge At Delhi Airport’s Terminal 1 - Outlook Traveller,,Outlook Traveller,https://news.google.com/rss/articles/CBMirwFBVV95cUxPVlU1MU00cDJZOWZEUnV4SUVCM1dxeWdPTHhPTWtIWFF4dm9fRWI1TmhqS25wWEowcG8yNzRnRjBGZVc2Z0NWR3JUZ04tOWRBbWVXRm1rZmVsUDAyY2cxb3Z0U2xrc2FMb3VWaUVFcnNUZVRhMXk0ZDJfOTNJYmFrcy05MkNvZVZ0LXYyT1NGSEl0QnQ2clVodFRaRXZRenJPMFBsUjNjSmxGVndCQkVR?oc=5
Issuer A,Company News,2026-04-04,American Express Stock Decline & 2025 Financial Performance Review | 2026 - News and Statistics - IndexBox,,IndexBox,https://news.google.com/rss/articles/CBMinAFBVV95cUxPUjE0RG5IYXZCLTBZcDVzVmpvcXUxOUg2eXN6eUp3TkszRXg2dTBLRHZad2xTVW5QQ1BEOEh0M0xFck8wcjVsMS1KbVRwblpJblpLVFV4bmlndjFRa0JQd0lWYVNFLVRTdE1oVjFzMHlPM1lhb1h3YTliTWhCTXM2Y0wtbXVqYjhhMTFBd1BmWlRZbWZ2dF9ZMDhJeng?oc=5
Issuer A,Company News,2026-04-06,American Express (AXP) Exceeds Market Returns: Some Facts to Consider - Yahoo Finance,,Yahoo Finance,https://news.google.com/rss/articles/CBMiogFBVV95cUxPUG1rQjhCMUdlNDBlWmNtYmQzaFFtVlVCU0dXdS1YUFRGbEpLdTE4X3dENDhXQkZmc2o4d2lOOTZyM1lETXpJQ0hDcXBHejdTM2s2NVFqMzQwLXRGdnhlNFFDM0V1Q3hLSTdoMm1MemFIMTFrVk44eDJSYkZSVDRYMVlfWTgtWG9adkFrZERScHNSdmJiYmoxa3J0TXdIUlpzcnc?oc=5
Issuer A,Company News,2026-04-06,AI Credit-Linked Perks - Trend Hunter,,Trend Hunter,https://news.google.com/rss/articles/CBMiaEFVX3lxTFBjMnJVZXZ1NTdHSVI0OVROWWJiLWpSci00TjhzZHpWTGZrSmpmTFExTkNmcGhsUlFtQm1rX2dHcGFqVElxSmxucHlpU3psaEVvb3hzWWZXQkpBRTlWRjRXY2VjbjhHWDRj0gFuQVVfeXFMUDdzUXZXd2VzUlgxZmdyYm01NUM1QS15UE1HQkFrYjA2MXBEZFV4UlphMU5kSS03REg4WkYxQjN5eTI2dkJyY0hLYVJfWXFsbTFzbFBVa2FvQ0Vzc0ZPSmlud1hDTDNQYWJUV3VnVkE?oc=5
Issuer A,Company News,2026-04-06,Starbucks Launches Performance-Based Incentive Program to Reward Frontline Employees - Loyalty360,,Loyalty360,https://news.google.com/rss/articles/CBMizwFBVV95cUxQamc4cnBHdmRaY183dktnRExZRWRmYzYyZ1lLU3Y2X1ZNSGxzbkF0WmFDNHZTTWVsMTF6Q0l6Y1F2NW5mM1otVzdEazUwb0JWS3dlVkZDdkl5X3NnWm5fSm9HWlV4VjNKbDY4Q1JkemFSQjhpTllRWFMtTllWRXkxOUFoWWcwT3hGRy15NE1BMS1HSVJYX2hneXozdEVVLWs0WUhFbk1mbGJYRTRNbkpXemxnbmE1eE1LRVA0WE12blpHSEtQNENmREFUZlRUMkk?oc=5
Issuer A,Company News,2026-04-10,[Expired] New Morgan Stanley Blue Cash Preferred American Express Card Launches - Upgraded Points,,Upgraded Points,https://news.google.com/rss/articles/CBMijwFBVV95cUxOdHZFdGJxQXZkOWZoOWhNLUZUZkp4RHJYWFhES2MwYy1SV2VUVmF2Z1E4OGRiamJBbTRjNU1fQnBiOWlsNUNRdkdibzRHWTVrV0dOOEJsNjZ0dVFXRlkweUxxWEJvU3NfRHh1MUt5d05VR20zOWFBT0JGWmxBMkZZNWxrUjl5dkhWNEJfVzdFUQ?oc=5
Issuer A,Company News,2026-04-10,Is American Express (AXP) Still Attractively Priced After Its Recent 30% One-Year Gain? - Yahoo Finance,,Yahoo Finance,https://news.google.com/rss/articles/CBMipwFBVV95cUxNNzZrc09uU3FrUFVpbXZzRUM2YW40WHZjRjVqX2dOOXhPR0hDMlQ2RVdLb1NMS040WHlHVHR5UGpPb2tYeHBCdWZGNzY4Vy1TVzYtdjYtbm9rc3VIMUt6UVZWN0lpZDNKWm9JYWtNQUoxaF90N1RxWVJCZDRCMnc4YmJjUVN1ajVUeWZScUs1eFBudTU3di1xQzJkcTZNTTY1S0RnZy1TQQ?oc=5
Issuer A,Company News,2026-04-10,American Express to spend $35M to remodel Centurion Lounge at DFW International Airport - WFAA,,WFAA,https://news.google.com/rss/articles/CBMi8gFBVV95cUxQUFp4bHpaY2FnY3VoSHhuZGZWbTdzbjBBbVhLQmx4MWpqNDBNbXpOQ1BuMXJ4S0ctV2pwUWItdWVYNWRGMzhwNXR0cl9FUFJXYnozWGsyMURwTGtKR0ozMWdJR1VTSFRKdTdlVUhhb1M4U0pwczY5U3BacEVoZjlkSDhGZ2lxSzBqQ2NwV0NDRnRRcUl2NjZXNVJQUVBGd3M2TmVtREpGOHNudjFhMzF5NDJoRWRhVm56SlYzRi1vQVA1emNZZV9GZVJMLUF6cjVPblNnSWFIVzZYTjl6UFl1M1dQY3E2QXdSc0FieF9CT1NLUQ?oc=5
Issuer A,Company News,2026-04-13,American Express Launches a Points-Earning Checking Account - Upgraded Points,,Upgraded Points,https://news.google.com/rss/articles/CBMidEFVX3lxTE52Y3BvWTNFQVRkR0lpNWxPZDc5Y29LQWt2Y3diRnZMRFlES3RWMS1la0dCTEQ2eXZnQ0RPUndEc1Z6NmdUUFRVRWVBNXAxd2JQVzdrWTNYSElpV3hzMWdOZ293a3FodDFlY0pRN29OWm5BVFZh?oc=5
Issuer A,Company News,2026-04-13,Amex Launches ‘1850 by American Express’ Pop-Up Lounge in Las Vegas - Upgraded Points,,Upgraded Points,https://news.google.com/rss/articles/CBMicEFVX3lxTFBvUC1BUnctcHNlTUw5R0dWYTZ6MUtxN2U1Q05LWjVENFZxeFE4S1gxYk9uVEk5ajFNV1dCQVc5emxTY19fcWhab01VdENOdS1UUE45TmlCd3Q3NklaQWt6WlExQm56QzJ3VW9rTlZHQ0M?oc=5
Issuer A,Company News,2026-04-13,Delta Air Lines Earnings Driven By Premium Revenue And Cost Discipline - Trefis,,Trefis,https://news.google.com/rss/articles/CBMiywFBVV95cUxPQXhEWnRxZWRzZFhXTVMxbk9CNlhqS3B2V1BneFd3VmNGVHdKTDRMTWR4OGFZTHF4bHRYekhUc3BLNmhGLVlVU1VZajZFNDFIR242eVlsTVZneVVqLXl4X0s0SGlkVjZTT2ttVFBHdWVmODIxeGdWcHEtTWpxb1VnSHJtYXBzY0M0aUpYdzljX2dNUUNrbFpMSUVPRWZiOWlpUmQxMnA5a09BbHlzQktGMF9XeFNDRmU1THVEalpEQ3pwRnBQRUlCS0IyNA?oc=5
Issuer A,Company News,2026-04-14,Amex tries to 'grease the skids' for agentic commerce - American Banker,,American Banker,https://news.google.com/rss/articles/CBMilwFBVV95cUxQRTM0aXMxbElibm1tbWMyclpRaXdHZTBjcmhuc1FLWjFTblA0LV9wcnRjVUw3YWE1RDJJRzRMSTFjMUgzSkJYVm41X2lkQnlVSzVoYVVZcnBxSTItb1FOWkk4Nk1sZTNoMlVHQzh5LUVrWmZxTHFiTDVsNlFaX1lZR3BqVFNtRkZtNXdOX0ZZZWhBTDFkd3h3?oc=5
Issuer A,Company News,2026-04-14,American Express Stock: 2 Reasons this 175-Year-Old Giant Still Has Room to Grow - The Motley Fool,,The Motley Fool,https://news.google.com/rss/articles/CBMimAFBVV95cUxOZHNmM0J1VUVwT21EdEtSclIyOEo3U2hsUEtTd3RHMktaTEVKSnAwaDZuaGhyQmk5TkxqdDVBaEFUa1czelNQU0ZUMi1YUmd0QzR3TGRaamYtQjF2WHhUdDdEaVpON3c1VjEydk83N3dxLUR6bTk4NThfYzAxbGIweEFocGxGbFEtb09IWlV5SjJjVjFXV1RRZw?oc=5
Issuer A,Company News,2026-04-14,American Express releases tools to build AI payments—and pledges to pay the price if agents go awry - Fortune,,Fortune,https://news.google.com/rss/articles/CBMilgFBVV95cUxPOTdaRGlUaWZjZkRKQmJLamhFQXdHRllmbjhlTGJ1M1ZxUkJhTlltSjI0Qlc4VU43c09TY05tcUNWb0pUcGlUUjlQVHRsbmxaQmRnU3VEX1ZKb1hCMHlra0oxVDgyX2liRjI2Q1VRWFE3Mk9XbHNzcmQ5Vms2cnJibHdIQ0lMejM5b0k0MFpMMDE4NjJrY3c?oc=5
Issuer A,Company News,2026-04-14,American Express to Back Purchases Made by Customers’ AI Agents - PYMNTS.com,,PYMNTS.com,https://news.google.com/rss/articles/CBMiuAFBVV95cUxNSVhORDlPallkQjJVMUJpUmZsZGdzTFBkdEs0ZEdSNkRMeVN3a0d4NnFwYU4zMUpMSjBLNHpEOU9RRG1uWFZaLTBPZUE2Mk85VGIybXpBWGZKODVqTGdyWWRlZmxIZC1SeXFhdkNWdVdpTGdtSUZFVHlJbE84R0xhMVh0a1FJY1NsSGJ0Y3FEcC1GRjRJMUlSTkg1cVpuUVpaaVlGZzBuSzBTT1p0WXBHbUQtd3RTVWcz?oc=5
Issuer A,Company News,2026-04-14,American Express Rolls Out New Tools In Big Bet on Agentic Shopping - ADWEEK,,ADWEEK,https://news.google.com/rss/articles/CBMiogFBVV95cUxQZkp6dURNenJ0bERMbXdONG9jeVl5TTRNeEpMd1FuMWRWWF84SGd5OFRjWkJfVU1aOFhIekh4RXI0ckhPRkVOdHdtUUk1Y1UzbmdnRHYxUUhtYlhDUDZ2aGFUQVRHUjVMaC1sRmpiTWhVUXpPbzlFNnVKQXRFQ1pIRkktVWNSWnFDM0ZGNC1PX0ZCQl9MLUhRb25nZkxkQTdjcWc?oc=5
Issuer A,Company News,2026-04-14,Amex launches agentic commerce development kit - Finextra Research,,Finextra Research,https://news.google.com/rss/articles/CBMikwFBVV95cUxQNjZTT2RFc29panBNbDNuZzNZb090VnpSR2U2cmh3Mzg0VGdQS29mbzZVQzBCU3pJZWRmQXRjZURxcUFta3UyVlRiclZiRURoR3RZNHFfNDRUV19qaGIzejh5MzBQWDYwUzk1d0tPZHE2MURVamU3RXo5aHRFa0ZHREVreW80bnBRdXVuVklUZXlUdms?oc=5
Issuer A,Company News,2026-04-14,American Express launches AI payment tool and explores stablecoin settlement scenarios - Bitget,,Bitget,https://news.google.com/rss/articles/CBMiXkFVX3lxTFBIZmZVWks5QXN1V01zUTV6OTNnLUhCd0pQYkpHcjdLZ1FTc3AwNzg4TF9lNERXUDlBSVp6NWVGelZEWXBZandnYlBiQ1NSZ3A2SEdZMFhKaE5xUXp1VlHSAWNBVV95cUxOMmhGeWxCZ0FPSDQxN1hSLWlIRVE5NlNTVkNoLVdER2hnUE5ma3dYRU9Rc3NxYV9vcWNEX0w2VUN3WElOb09xQ0ZOZWtUdUpYT0RSWEg1QWtJNkx3TlRmOHNoSzg?oc=5
Issuer A,Company News,2026-04-14,American Express Debuts Agentic Commerce Experiences (ACE)™ Developer Kit and Announces Industry-First Protection for Registered Agent Purchases - American Express,,American Express,https://news.google.com/rss/articles/CBMi0gFBVV95cUxONlo4bWNNNTBVMG93djEwdjlYQU50TlFXQ0dmYXJJcFlNdHRfNWlIb2x6Rm5Da242cXVqYlNNUDQtTU5lMjh0WUVyMDViOXNMcmFsVEZyQ1Y0R09WQ0d0SXNNMHJOMEtGbzR2OEdxYjdDbGJQekNLVHRDOUNVSDFscU1uekxMaktrUE5KYm5XN05uSWJXVDkxdTBPTTBBMXRCRjlmTWZMbXRleUJfbmFaSjhZenN3eFBfWXNQRVRENFN2UGJrZ0RVSUdlUmxlbkJQM1E?oc=5
Issuer A,Company News,2026-04-15,American Express reports March quarter card loan delinquency and write-off rates - Investing.com,,Investing.com,https://news.google.com/rss/articles/CBMi0AFBVV95cUxQU3o1Z2N4aHNTcnB1enI1cjNfbFRuTS1NV19qdmFjemhPYVVZZzdQdC1rT1YtUW9NekZrZll0dWJxbnI5TGhZWWFrZmFEMzRxTHhKMkluRjBmZUczZXBpZ0xSVmtvUndoc1hxR010M2o3X1RfZzJJREhFREtBRmFKdEdYQnJMcFdpTUlJRG56bGdJVF9VMS1nNUhUMlBQMHpjd0hwUHNqaVB0UGpnbVdtVkpDNEZaQlJSV25leTA5cmJUV1pUQWdReWkyMFlnek5q?oc=5
Issuer A,Company News,2026-04-15,Can American Express Build Trust in the Age of AI Commerce? - Zacks Investment Research,,Zacks Investment Research,https://news.google.com/rss/articles/CBMioAFBVV95cUxOYXo4MURfOW8xNjM5WGRvMXJRY3hqXzEyQl95YXhXM1BCdXBvRFl5TzRWWlFNM2VOZ2FxSGRMbGFMRC1tRDYwV3ZkUF9FZ1FFY0xTeDA5dEZldVdZMmZIWFFCaVhKOVhZU09LR0p2VmxJVVRzNGpBWDVZZEEwdE05eXRhUy0zT01Fd29JNFR3TFBacVJCdEdfZDZudms2aTY2?oc=5
Issuer A,Company News,2026-04-15,American Express to launch 'first' protection policy for agentic AI commerce - FStech,,FStech,https://news.google.com/rss/articles/CBMiqwFBVV95cUxPdGdPc0xJQmFSTTI4SjFFNmdQMnpqTXdDa3lTQjFPNXBZREZGR0VhdGg2Si1NWWVQc3A0dGtpdUNiQ1IyMXJfcFlBLWcxaWRkTHdMRUlMSDBrM1Q0OVd6bDFvMG9OVWs5S0tBS1JPSnBBck5Xd011bXdKSl8teTg0UHZCUGpTOHNrOUJwbjBzZFdZYnlfUG1NVkRwYVQzNkQzZnAzNkhDV0ZydTQ?oc=5
Issuer A,Company News,2026-04-15,American Express Is Building the Trust Layer for Agentic Commerce - AIM Media House,,AIM Media House,https://news.google.com/rss/articles/CBMioAFBVV95cUxNMEI5Nk1FcXdqZXdtMko3YkRsNjUzOHRiRVEzbVNoeUxGRXhBRWRyREFWb19vX2NGZnJvM3AwM011MkU2MG1mTFUyRUFIdlV6QVVxZE9KZGhic0R6czYzM0ZWWnZwZHZlWGdHdG8xT2JzRzBDZzFXRHhpWHFCTncyeGpyWXNvUDRtR0JodXlxMmctcGlTWFVUb1lYYm04ck0w?oc=5
Issuer A,Company News,2026-04-16,"Ahead of earnings, Amex adds more tools to feed its AI plans - American Banker",,American Banker,https://news.google.com/rss/articles/CBMimwFBVV95cUxNQWFTNUwtN1J1eE5lLWlYaWVxLXNFWllSODAtYU54RURHUFZJcnpPTXNrUUtFXzV4M3hlRVh2eW94cHlFdTl0X1VSNnFzNzJBbzE3SFdHWmxzQUVZcU90Z2NhWHV4QzRMMEtHeTF2eC1jWkt4Zm1iOVpHNXFrZFRXTVZCMWZFTllCX0xjSWh4VkxFRjlaUzBMeFlFNA?oc=5
Issuer A,Company News,2026-04-16,American Express Bets On AI Agents With Hyper Deal And New Tools - Yahoo Finance,,Yahoo Finance,https://news.google.com/rss/articles/CBMiogFBVV95cUxPLW54WjJSZm9BdFZrM1hhSzdIaDF5U09uM0FpSjN3Xzc3Y3pkdTFyQkcyVDBXeFJxNFB3cTRhSjZpamUtcE82M0Y4MV9GSHBRUEV4UnY5MnNiYVpwZ2YySHdWeWhNLVB0XzB0Z3VuSFBQR0g5RHpCT3AxWWprdDIxR2xKSlpMNjFtSVNySzMzR3pJZEFfei1kbkV5UU9Uc2EzdFE?oc=5
Issuer A,Company News,2026-04-16,American Express (AXP) Stock Dips While Market Gains: Key Facts - Yahoo Finance,,Yahoo Finance,https://news.google.com/rss/articles/CBMinAFBVV95cUxQWG5zMjA1S3RFMDV4aEFYc0h4WTJ0VHZfTGZGVGpaVWJoLTItTk9EWUttVzhlQ1J4TTBDTFhRLXdwTk9xa3F3NlkwT3FzVWJGbTdNMWRGaVNHZDlWWnhsbXZ5bWpod3NjT0tRMHRzT3M5dHp2MzBXMGU3c0w5SHVTMDk3Vk1qcExrVjdDOVpIWEtpeVFOc3h4R1U2LWw?oc=5
Issuer A,Company News,2026-04-16,"American Express to Acquire Hyper, Adding to Its AI Expertise and Expense Management Capabilities - American Express",,American Express,https://news.google.com/rss/articles/CBMi2wFBVV95cUxNN29WY2hlcGF0TzdoLXZJYkFMMUJ4Z0V0VmItMFNOaUxLVVJzaWc3Qy1vYTVDeDBHRUtRY2p4LXJtYzNfMzdvRGNvZzFkdmxNNFRLZXpsUFdTSnZ3dzM4ejdOSEl5TzFFckJZdUdRZnZaamM0ZGU3ZHhTLWNHSFBuTzQ4U21PTE9hSGxHeUhtV05HWVEwYXYwWnhBV2s5VkZqTTQ0RTlxemZDY3BKN1ZYMkdPdTVOallxbFBCVTlvbmNhWHZNTW9wZHpYQjdaaEd2Q0E3b1huOVd5VFk?oc=5
Issuer A,Company News,2026-04-16,"American Express Reports Stable Credit Quality, Moderate Write-Offs - The Globe and Mail",,The Globe and Mail,https://news.google.com/rss/articles/CBMi5AFBVV95cUxQaVhmLTBsZ092QS1pa3RvTjZhc08xVXRnR1NPS2FKNmtZc2w0QkgwdHFUZWJIWEpueDNaUGhCSC1PTzh2X2RpSWlFNGNJTEFrcm1ScFZRcEFodjdmUDliNGVvdDlLUEZ0UEk3T0tjRm5CNm1KeXRzTFNRZkdCVTZJS1FBQUhCUkltRm95d3AxMUtkTzNvSGIxY1lRTG9mN3JzZmVhWjludDRfXzRaRUg1SS1VSTRmLUJBQ2JIdFk5U2VJZy1fam1ZdkJRRDlzYmhqbUhUQ1ZXYzVZeWJwVURpNjVNS0M?oc=5
Issuer A,Company News,2026-04-17,Amex to buy Hypercard - Payments Dive,,Payments Dive,https://news.google.com/rss/articles/CBMicEFVX3lxTE9YVEM5WXVBUlZfRkxqMUxrN1k2Y1NlSndIMTBaemh1SFpuX3dzTU51WU54MFhCRkx3LUxJaEk1ZGhhbjg2TkpvMW1vRnphWjdrQ2E3ZldaVmZIdXlmdkt3UERnVnhGaW1BUTFTb0pYUzE?oc=5
Issuer A,Company News,2026-04-17,American Express expands AI capabilities with Hyper acquisition - FinTech Futures,,FinTech Futures,https://news.google.com/rss/articles/CBMidEFVX3lxTE9XREc5Q3VRejhtemZIQzdNM2FaQThULWdDZDEzYmY5cTUxeE1WZWVzTTY4U2hDQ1ZYN096QXJZd2E3MDFaLVh1aFJGY2tucVk0QTVmZnhjbUxHUW9OV3VZNkNJREZ2SFpnQ2d0YnJ0SXFCSHNU?oc=5
Issuer A,Company News,2026-04-17,Watkins Advises Hypercard in Acquisition by American Express - Latham & Watkins LLP,,Latham & Watkins LLP,https://news.google.com/rss/articles/CBMijwFBVV95cUxOWWwydDNDVG9LVnBNRmJ3a3FBRG84emtrYmdhWC1mYzJPYm4xWVNlNDVLWXQ0Vk5xR0V6R2wtOHNuampRdm9na1ZzQXh1bnJ1bWRSaERNMF92V19LaGZuVEZ1SV9kUnJldFd1RFVRNk84LTFhOWQyQWVLSWs5VTMxY0ppVzg1YmhXVEpSZjNvNA?oc=5
Issuer A,Company News,2026-04-17,American Express Acquires Hyper to Automate Business Expense Management - AIM Media House,,AIM Media House,https://news.google.com/rss/articles/CBMiqAFBVV95cUxNWThNV3hSM1lvWVlydy1NMU9Zcmg0elp5d2xDVU5vV3pmWTdWY3NhODZ6ZmNMZDMzblp6cTc2a21EdlVOcnJDdUtqbWl5eHRHNUtkYklSdHFmRkhTOG1QOEx1bGY3eXM0UGZidHNXeE5OeENBSXNUekhSRjduRXFuQVpIek1GX2NCN2NFSUlPZ1B3eTlJdGplbnRFNTRWX1BOaHFITXRuSXo?oc=5
Issuer A,Company News,2026-04-19,Jim Cramer Suggests Waiting for Post Earnings Dip Before Buying American Express - Yahoo Finance,,Yahoo Finance,https://news.google.com/rss/articles/CBMingFBVV95cUxQVlFuVGU4bG9vWjFsRU1wbkFjQ3RBNUNJU1c0SE5xSVBfTzVXajU5QWtCV2p6a3IwM2NQTlZFUnlJeDJ1Q01fOVR1WUJlOXVYSGhZRzY0UWlNRTNsYzFtaWQwenpFb09JZ09xaUZqUURnNWVTam9rcHVxNC16SFhJeUF6cEdlNWlKQkREU0RSS3VGSVFmbjQ5MkdOS3otQQ?oc=5
Issuer A,Company News,2026-04-19,American Express’s AI focused Acquisition Signals a Deeper Shift in Fintech’s Corporate Finance Race - Crowdfund Insider,,Crowdfund Insider,https://news.google.com/rss/articles/CBMi4AFBVV95cUxQTHU5S0lyMWd5bVBpRlM3djlzQmxIbGNBVzZkRzY2YVZNTXhqdk14cHZUdGVBTGlqZ3dhNERxN1hHOTFESUI2U0NrUy00T0pKSHF0RllyWTljQ1BWMko2WEIxNnZlZ01ndkpQYm1ZV3YtM1M0TDljVERyY2pyMzI4aGdDYlpyWnpJYVh0NHNidEdiNXdHcVh5OFI3NEtrOTdyZVNubER4LWJ4MXZFUFZVQWF0bVpwVk5ENktSLTc2MGZSc3lqc3VDb3ZaVk4tbWJQMmNzaFVIc0tYNW1NMTFCTA?oc=5
Issuer A,Company News,2026-04-20,Can American Express’s Play to De-Risk AI Shopping Capture a $500B Payments Shift? - CardRates.com,,CardRates.com,https://news.google.com/rss/articles/CBMikgFBVV95cUxQQnNNcEJBY2xwaVJ6M2RVeEE2QmJoZjF4QzhPR29aLVRGdGJJWW5nR2xkSlZNWnlLRzdYMDVIY25OaHV5RmpuSExDZEhia3ZHYUt4OEpKYUR0Z3NLSUtOOVBRZTZ3bzRFZmw0V0dIc2ZSSWhFMFhSTVVJYUViVlJJei1lX2NvRnlIZlB0ZGt2S0l3UQ?oc=5
Issuer A,Company News,2026-04-20,Why This May Be This Week's Most Important Earnings Report for Investors to Watch - Yahoo Finance,,Yahoo Finance,https://news.google.com/rss/articles/CBMimAFBVV95cUxPODljcUhseVozaXZzSGZzYmQ1Nmo4NFBldk1OdW5qdnlhZ09qUllxX0t1TXJ3X2tncnpoQUtRZG9kc3pLOGtiMy1RYlVucWN5cmZROWtLb3llcTB5emtoRG53Wlg5cERUcnJtMnl0M0gtb1NXXzBTSERlNFpjUzJNN2lDbHdKSXZBZjd3Ujk1RnRXbmJvN2pPZw?oc=5
Issuer A,Company News,2026-04-20,Warren Buffett's Investment in American Express Stock Turned Into a 40-Bagger Success. Here's the Secret Behind It - Yahoo Finance,,Yahoo Finance,https://news.google.com/rss/articles/CBMirAFBVV95cUxPcVVzTWVoTVN6SXlQeUE4NFV0cXhwTk9POE1FV0NrMzN6OUFUeE96cmJQamZiQ05RYXVqb2QzbE1XSVFFQnl0X3M1cFhvT3Q3cVc5YUxFUzdOa0hWc0dVUDg1MWxKZXY3b055NnNMeWh2XzFOdV9HdjhTVnZRaDhqak0wYmh3cHFuemEyNW14UmFGZEhjM0FGc0ZQRU5mV1JGcmlUMVpWN1ZZSWl0?oc=5
Issuer A,Company News,2026-04-20,"American Express, Tesla and Halliburton are part of Zacks Earnings Preview - Zacks Investment Research",,Zacks Investment Research,https://news.google.com/rss/articles/CBMitAFBVV95cUxPNVl5ZjdRYTNrSmFNMjJUVGxaSVdsOUxBSTlaQ2VWTHZnMGR4SktXT2g0cTBIcUczczVYbmVLeTBCSUZZSDM5VkFnWktlR2JiMWV3a2VvbDc1VmdEODVINXF3MmpkTEVRLUdQclhBVjhkZEoyMWs4UTU1QXlEZXJYUndOeVJ0QWtaUzhfYWdvV0VHR0N6VGtIWFdKZFA2dlVIZ1FxN2xfd3BBTi1yQmJ6MWZ1SGE?oc=5
Issuer A,Company News,2026-04-20,American Express and Hyper: The Dawn of the Autonomous Expense Era - Bobsguide,,Bobsguide,https://news.google.com/rss/articles/CBMilwFBVV95cUxNOUY4eDRnSElHR2tuTEpsaTVmeVRxOGJ3T1JoeVA4Ni1iZWluTXZBN1VNc2xkM3cxMU1qNU1kbUNKVWYtZm5LTl9sWnI4YlBZTkVtSWswZmpqZm1MOGhrTXJoMkVzVnJfRER4Q0NfZEZSUW5aYXN4cmxwSGZFamtIeFFLOU0wVk9KSVNDLWNUWHBGYU8wY2R3?oc=5
Issuer A,Company News,2026-04-20,"Exploring Analyst Estimates for American Express (AXP) Q1 Earnings, Beyond Revenue and EPS - Yahoo Finance",,Yahoo Finance,https://news.google.com/rss/articles/CBMirgFBVV95cUxQb3YtNWNDMnFRUEh4YUhCSy1qa3R2akl3ZGxMQnNybWR3RE13aGdTZ0xlVzdseTc4TGxVTEQyWl9vUjJFcHhXamRnQXdkQ1VzNFp0aVk4eHhmd2R3VkpCRllwcnd2TVA2ZlRNSkVTVDFCcTUzSU5DMDgwc0c0UlM5UWoyQXNXWHVXbmg2em5CUjljbDEzZ0VmVEctX2dBUWFoODRrekNLLThxdklsM0E?oc=5
Issuer A,Company News,2026-04-21,Earnings expected to grow over 10%: Stewart on American Express - BNN Bloomberg,,BNN Bloomberg,https://news.google.com/rss/articles/CBMiwAFBVV95cUxOUkF3ZGdaYlRoeU85eGRLZ2JOUkxXa0YyVUY1eHRaQkJ2SlpiU0U0ZHY3SG5OdDd5dDN0a3JiWVhYRG9kSWNtSlFjRllyR0YySnZoVFZwMDBOdlhJVEpPaFNnNXExTk1oWGJEWm14LTRXejlhMWU2ODBkUmZEQnZ5dmg5YzZKTHNaUFRLdGxQMk9vdDZ3TV91Ri03WUVqTUU0b2ZMT2VSaExzN1VYYllMbDB4Yi1RSnpzNzJwUUV0UFI?oc=5
Issuer A,Company News,2026-04-21,American Express Stock Hits Record $72B Revenue as Platinum Refresh Delivers - TIKR.com,,TIKR.com,https://news.google.com/rss/articles/CBMiowFBVV95cUxOYTRwdkNUR19pb2MwbWE0YW05MllZWGsxQXFJNGdkWTY1RWEyTDh0WVpKYWdGU0pxMkFBbU5CSjFCR2RNdmtVTDNvdXlfV3cxUHE2YXZEZ3JhMzI0TWllTlJPVUVCVGNDTGltYTZXV0cxaXZKWGg3SEFRbjlWNUNYY0pPempYVWZ6WG5sckxKTGRQajgtV0ZuOEx4V0JxYTZ2b3R3?oc=5
Issuer A,Company News,2026-04-21,Warren Buffett’s American Express rides platinum card change wave - thestreet.com,,thestreet.com,https://news.google.com/rss/articles/CBMiqwFBVV95cUxNaXgxSWU4VERtOHFoYmhaRFJheWZKX0d0OGVWLVQxRzVSTEJ3YlVNNFZ6b2FXRk5lS2wwa0ZWWlg1Wkx1bVZ1ZXV4eXJ1S09NQXdFcUZwOGFJTzJ0TDhMV2FFMFA5a0xoN1hMYk44VTlRaDVLVXNkUjZWS3NfX1dFZUFBa2hRNXRYOW9oX3lxWTl6VzZhdEFMUVFrUjBaOFRNYTJDSW9ucC1PLVk?oc=5
Issuer A,Company News,2026-04-21,List of 18 Acquisitions by American Express (Apr 2026) - Tracxn,,Tracxn,https://news.google.com/rss/articles/CBMisgFBVV95cUxObHZodWY5ejJaR1RWN3ZIZkNMWWhud3ZsY3BydU03RGI2NjdPOWN1WW1PM3Z5dTZWNmZjdG5xQVNsb2NpdHVqY2w5bkN2ZWN6YWlSNHIxekZHLUhqTTN3QkpjQTItMlRfa2M4bF81eFp4TlN3NmZ1NXdzaDlYazdzS0kxZ1p5WjlPQUdoSFozbUo1anZqTFJhQXdzcTNFWVpjVjRGMGlkbUozRFRFUUZuU3Vn?oc=5
Issuer A,Company News,2026-04-21,Amex: Advancing AI Strategy with Acquisition of Hyper - FinTech Magazine,,FinTech Magazine,https://news.google.com/rss/articles/CBMijgFBVV95cUxNSnFOWDJmb2JWQVpmanR2WGppSU1MZ21XcWtRbDN4Sm00VGNLYkhLbnd1TDIzdXo4VXVtWXBUTVBONkF4WFFYcGlCSkxKaHNWejJ5TXV1LWptcXdEc2FxaE1DVHdZZU1Xc3hFOFlfQTBGcTZ3N2pKWUlqWHpKWjkxNWNkOWl3a2d0OWg4dDJn?oc=5
Issuer A,Company News,2026-04-22,"American Express (AXP) Valuation Check As Earnings, Dividend Rise And New AI Payment Tools Draw Attention - Yahoo Finance",,Yahoo Finance,https://news.google.com/rss/articles/CBMiowFBVV95cUxQZFZjcGJqbjY3a1NpUTl0cXpjejBfQWE1UzBMbkxvdERlVHZfYXN1UFJJbnJTY3ZKc0FMTVRPLUZUdFRKZEM1RDg2dHhuczREamI1Y25EYkEzbVhWazNJbHU5SmN6LUZucFNUUGlsdWQ3WHp1eDNaOTVydjBBTmo5TS14RzdPb2hoN2hicFprcDNDNzY1em5oZFY4ODNUUlFFTTUw?oc=5
Issuer A,Company News,2026-04-22,American Express Canada and DMZ's Grant Program Returns to Support Canadian Small Business - Yahoo Finance,,Yahoo Finance,https://news.google.com/rss/articles/CBMioAFBVV95cUxNMzdXY3p4YVo2dFk4S1loT2dJVGZXRjJ2NzJMOVdTQ2RlcTF1Q3RCdzB3N29BMWU3Z1FKUzQydU51R0FkRjRLdWpuSzFvTVdOd2JnUjBpUWMxT0tKaG9zd2Z1ZW16T28zMEFhMW9VcHlUbENJdHNFcGNqVTc5b2JMU2N3MUZTSmFmbGNfaTNVQVBxc01aQXBGWnR5clA0bG1W?oc=5
Issuer A,Company News,2026-04-22,American Express Debuts New Membership Experiences at the 2026 NFL Draft - Yahoo Finance,,Yahoo Finance,https://news.google.com/rss/articles/CBMisAFBVV95cUxNbDVIczNJYThXczlFMk9lb2F2N2JOanUtSTVmYi0ydGRYQW4wdzlBb25Ka1ZpZEJ4bjE5cmdPUUlWZGxCY01XYzd5S213dTkzUTAycW1BQ1Bfc01XaVNrMTduV3oxQ2dESWU3RlJOZEtjM2FsQUVMMU1ONkdjeGttZ21SNGxnZjVzelZ6ZU5jM3VxOXRPcjdrNEQ4MW14cHZNRUdkV2pnS29GYzNuN3JXQw?oc=5
Issuer A,Company News,2026-04-22,Is a Deeper Dive Into AI What American Express Needs to Accelerate Growth? - 24/7 Wall St.,,24/7 Wall St.,https://news.google.com/rss/articles/CBMiuAFBVV95cUxPdFRPdjRQQ2QxVjl0Tlh2bHh0emxwR1FLRWdmQXN5QVcwVVkzVXJkcjRDb2FGVmRzd3RHSlJ4Z29Fc19WTF9ZYzZiOHBPVy1SOENfbzZUSFhwQXdkdW1FVTdCRFlpbDdqZlpRUGFaWEZQT21mZjhnRU1aMmluLWpGdjFjNHotblMzUVR1NkpSa2taajFJb0NCT1hCSmFiTUktajZVU2dkZXpDQ1lZTXk0V1JIc3dvOWE5?oc=5
Issuer A,Company News,2026-04-23,American Express Profit Rises on Premium Customer Strength - WSJ,,WSJ,https://news.google.com/rss/articles/CBMipgFBVV95cUxOUEk2MHpFWjNiNXJKa2h3SWlrdklkU2M3eXZ3eDVBMktxQ0xzMXlIZ05pbzMxQVBjSTNpZnhMUjQtYzFKTUhBWTRiSFpoM1JHSHZXendwT2lmTVE2c0VBc3d5Um5ZdEdPdkVZWC04YWpjUEVFMnhwMUM4M3E2R0pRQlpNbVNld0hnUExKdzFub3lwbWlLNExyTkZJSWxDZ3FTTEo5Z0R3?oc=5
Issuer A,Company News,2026-04-23,American Express ties up with District by Zomato to drive midweek spends on credit cards - CNBC TV18,,CNBC TV18,https://news.google.com/rss/articles/CBMiyAFBVV95cUxOYXZPdk1oaHRTaGs5NHc3Nzl0bmg5N1EzZlFUTlVRdTNoejNYUWNyQ1dtMGRkT09QRW5kZHpTbUg2U2swdUVvNHdyU1U5alV1V1VXVFN6bXJ5Z3E2bDhiX2xoTFVtMXVKbDFzd2M2MWNJM2hCYXNQanBxcjl3MGlTRHZSQ0xmUl9YcGQ1S25DdVh3N3NwSVdkUGR5TEpsakxod29Hb3Y3NldjUURjYmVnRHBzRWdDWS1ydmZzOC1PekhlUHd6YzZJZdIBzgFBVV95cUxPend4c2M0aElBejNNdUNOTkdjQ01OdDQ5MEs5UVdRQmxyNXRxUzBLOGxnb29uZ2tya1R1dlFKYXVSaFR6MWE2SjZRc01ieTdqNlVOampCTzBfa2NrUGZ6X0twcDluOFZFb0E4MFo0TVlSZkNBSnJibFZLRklvM1Y5bWtwbDFhUWdlY0c0VGtvLWtrUmJCanR5Y2J3eXBwdGs1RVFnRzBISUhkbFZ4WE9wWTdjX2g4aEFDczNNTjZCVjlTMmNkR184WDREeHp2QQ?oc=5
Issuer A,Company News,2026-04-23,"Amex says Iran war has an impact, but not a big one - American Banker",,American Banker,https://news.google.com/rss/articles/CBMijgFBVV95cUxOdkY2b21pTEd4clFrZ0lBWUd6UXgtWVBGMGgwdEhLZG5TUWRrcl9vNUN2cUlTZEdLejRXYVAzdndsbDl4dm1lVU10eUdnUkdRWEhuOE50TUQzN19kODlSSWdMZG9GLWhhdm13b2VZcURycElqSUk1eDQyS2tLQi1rYkNud0V1QWZYQkxBejdn?oc=5
Issuer A,Company News,2026-04-23,American Express Reports First-Quarter 2026 Financial Results - Business Wire,,Business Wire,https://news.google.com/rss/articles/CBMiugFBVV95cUxORVhfWW5IYlExeUpFcHZERHlIcXBleU9uMjRKZnJVNWdnbFpLOEZ2SHBScHJva0tCd3VDb05wa2pjbWF1aHF3N0N1X2tyS0dqbzlQdkhLQjFiOWdDTXhzcjlBeURGMV9KR19QLV9JN1cxeDBwek94TFdUSGdVcld4N2FCdGRCUUlVa0tyLVVVY0NJWlA2azlyMkJLcGZVbFlNd2FVV0R6TmxocURiQ0JvZDJLdGpHYWtWeWc?oc=5
Issuer A,Company News,2026-04-23,Amex CEO gushes over next gen - Payments Dive,,Payments Dive,https://news.google.com/rss/articles/CBMie0FVX3lxTFBrZmpRclhvbnVJMWhrU0hyaWRySjRCMHRramxUakgwLWhRRmNNWUhRZUFRTEdRN2tsaVlKbUZFTnRqSWFGWGo3SWMyck93Sm9Va21PdXRXbndrVC1CRW1qMnJGVEZBYUktTXc2QUV3dUVlTE54bnN0MVR3MA?oc=5
Issuer A,Company News,2026-04-23,American Express Buys Expense Management Company Hyper - Business Travel Executive,,Business Travel Executive,https://news.google.com/rss/articles/CBMiogFBVV95cUxPUUNEX2hraEFWVUNtMmYyM1d4LVVsZlBJZkNxcGtFWjNnQmtmSlN2b09iMDdZUjh4Nlp3ak53VVlyY095Z3VydUdFV19OWGlna0Y2VERJcHJBRW9IQWhfd1BUdExvUklGc05ERHNOMHI0ajBQRnlDRHVHVWhkYjlMb2pXSUlNWGl2OWJLS3ZDeldhSlVpYU9IdmRCRjRsZmstUUE?oc=5
Issuer A,Company News,2026-04-23,Why American Express Fell Today - The Motley Fool,,The Motley Fool,https://news.google.com/rss/articles/CBMif0FVX3lxTE9OTVVsTGVwWjJ0NjV3OVBwclZvV3B2U1lfeEozdHcxM3RnemlqalJDY2FneUdmS1pIMDVDT1ZyZzhRS3RzY2ZhX1Fua0p1ZV9Jc1JhREVtOXBqNmczbEVha3p3Mm1ZZXhBU291LUxLSEdvcWNEVXNGdFh6Q2xIWGs?oc=5
Issuer A,Company News,2026-04-23,American Express Just Reported Its Highest Card Member Spending Growth Rate in 3 Years. Here's What's Driving It. - The Motley Fool,,The Motley Fool,https://news.google.com/rss/articles/CBMimAFBVV95cUxQOHp0dEJKZy1OeHhtVU1hNVJTU3M1UWVaX2Q0TTBnZ2dTdHhVQXNzdEZjU21NWERidy1STTFyc05xRnRjanhobGczM1VmYlpUb3RTQ2tnbnE0Tlp6UnQ2clZWbzl0YjVCS2dLWXRPUVAtcXY0bnoyMVJjdjhoLWZjVnBUVDlyTzk1SlRpbU1nRThDaUR3VEMyNg?oc=5
Issuer A,Company News,2026-04-23,"Amex cardholders are loading up on luxury goods and premium airfares, as spending growth picks up - MarketWatch",,MarketWatch,https://news.google.com/rss/articles/CBMi1gFBVV95cUxQOGt0aWtwaVAzV1Bib2VuXzJiUGZPUURHQkstRkpsN0wzSXFKY2xGcERsSlJXQWRPTFZwcHFlbjA5YUh6c0RNZzVfVTFMN0EzelRKSjFsN1BFUXdfeVJZbjFXRlhyc1ZQZ05yeGZqYnpMUzNTckd0RTVPZl9PZ2VlTC1OWElMSDJkR0RFSGhuZHFHODVNR3NVR21Ya3FLT3hPZ21QZ0hCM1ZCVjF3ajdfaXhxRDlUTWgxbU9MZFlKWkhqWmJ1b0JMeDRGYWlkN3kxa1kxSWNB?oc=5
Issuer A,Company News,2026-04-23,"American Express Profit Jumps 15%, Topping Wall Street’s Estimates - Barron's",,Barron's,https://news.google.com/rss/articles/CBMihgFBVV95cUxQYXd5bG1LMEl3aUxWY0x4QXdlbXdfbXZhREJ6X2t5ekpHdVB0ei0tTGZRd2RMTjktR053clZ2UmZEUzYtcDVGVWF6VFZYcmVudjJLUVhMNWkzWG13ZUZGWnlia3N3N3lkT0psR1RaR3d0OHJod1BNSkFrQi1lUlIycGxEU3NLdw?oc=5
Issuer A,Company News,2026-04-23,American Express posts strong Q1 earnings as spending growth continues (AXP:NYSE) - Seeking Alpha,,Seeking Alpha,https://news.google.com/rss/articles/CBMirAFBVV95cUxNVUpubXc4WlgtNE9YeDFrbU1ReHJNeldoRUtsMHBKVjZhNkJrVDQybmdyakUwRGVkZUI1VnFob1MyWGpMckQ3bVF0b2dHd1hubzNNOFRudEpXcHdzSnlOeGpUeHFjUFJzYnZITE85MU5hLWRNMURSUGVXb3pjUHlsWlo4UkdRTmYtU05IaF84SHYwak9sWUljeDFTbmpnQ3BRdS1UdGV6OEprc2xy?oc=5
Issuer A,Company News,2026-04-23,"American Express CEO on blowout earnings, travel and $4 gas prices - Yahoo Finance",,Yahoo Finance,https://news.google.com/rss/articles/CBMirwFBVV95cUxPdXR4eHBrTzdTRXIzeDZqS1BwUm8tMEU2bDNtaTdKVDhtb0xUcl9JOGZsUGwxbzZaTUxGamdCRjY4TVNlODFGMUdJd05RVktXOHdJSC1yVm1RaTdWVlJhTlltYlczUEZFMjVXOWFvME9ObVVVVXU0T1NrcmJyRnZaWHVzTXNvMElTeE92cmI3LVJFa2RJTVIwUjd3STl6bGd1anc4MWg5Tlp2U0FkVUxn?oc=5
Issuer A,Company News,2026-04-23,Why American Express Fell Today - Yahoo Finance,,Yahoo Finance,https://news.google.com/rss/articles/CBMinAFBVV95cUxQVXNSYWZWSTQ5YXM0OXNkUVBkLTBrUldqSnE2Yjg0RmgwYU1ONmxQUTVhNThibWdZV2JEdkFUUWxaUWhPR2g3UllXRjNlblhUMGZnaC00b3BOVkpEQTlULTVSTWZiYzBKVjA0NlU2UHV1ei1Fb2F1V0FZb1BEVWR2bEpwUDg2c2s4aTV0Q0ZNX0xfTUdrWEo2ck1STTE?oc=5
Issuer A,Company News,2026-04-23,American Express (NYSE:AXP) Surprises With Q1 CY2026 Sales - Yahoo Finance,,Yahoo Finance,https://news.google.com/rss/articles/CBMiogFBVV95cUxQLUxlNzVldGNBWkEyQ0phS0tmYy1xYnpxT2dDTjdmaFJ3ZUhlaGUycWFnd1dlUnRfcFhZRElJX1J3UF9HTENtaE54MFRsSWpyb0pBSlg3bUpfQ3dKWEo1Zjdad3FEM1hfMXA2TF9hamp5dkVYNldsNkJZYVhEdENyanB2WGl2eC10QkdGRFd3bDdLWU9qWHhOc3hUWDNDOWhoSmc?oc=5
Issuer A,Company News,2026-04-23,"American Express beats Q1 forecasts, maintains full-year guidance - Yahoo Finance",,Yahoo Finance,https://news.google.com/rss/articles/CBMiogFBVV95cUxQOWZ0RVpXejVURlFta01sQ3VwU2RvaWVvZFJLMDBZR1dzaDdnS3FaR2VwOVBFY1N5UzRMb0dXd3BRMnpTU2gyaW14Rkd2bVg5SnNaUE9Gam9rSFdadGh2WWl4ZXpxSGxsY0h2RVBzamUzQzNNclVIV1B1WEV4U1hRWFlnUU5sdEZUSjJtWVVvSXA5d0x4TlhKOGNGal83T1JGVlE?oc=5
Issuer A,Company News,2026-04-23,"American Express trumps Q1 estimates, reaffirms full-year outlook - Investing.com",,Investing.com,https://news.google.com/rss/articles/CBMisAFBVV95cUxOb3RzMHFQYmFUZGo2Vk9aWVl6TzZRMTB1bkRiaV9Rd1U5dS1UQnVjZGFiX3lpY2Q1aVhQM2VTLXZJZmY3dkNtQ3FIWmhmb1BGaEtBaUczTGl1akgzN3dOVVRvS3hGRS1JZklSVDlUeDgzSnFJSENqV0JMcDJFNThsWm52eHhYRG9uc0FabVVxY1J6U0R2QjRYNlpBMURSMjFwRHZoa1ZrX3pUc243VTRDMw?oc=5
Issuer A,Company News,2026-04-23,"American Express Q1 2026 slides: 18% EPS growth, premium model thrives - Investing.com",,Investing.com,https://news.google.com/rss/articles/CBMiwgFBVV95cUxPSm9JZ2N3VmVUOGhfd19nMWtGUlRNS3Z5VWxCVTdYUVpJaTFrazRJbFZfMmhWcUgzbWh3RWhYQm56dno1Q2o5c21ITnpQa1NKT0xDUTlmRDRCRlVMNVhycTM3TkJncmh4TmpkVkItdkMwM1BIbUMtYkRDc2pxZWtpMFAzb2Q5MHpzZk43YXlZRnVEMjkyTTFMY2R5NXdoZzN1RzZLV1V6bXFPZTNWM3h4ekxTWjIwVERIbUFZM1JlbXp0Zw?oc=5
Issuer A,Company News,2026-04-23,Amex Leans on Millennials and AI as Card Spending Accelerates - PYMNTS.com,,PYMNTS.com,https://news.google.com/rss/articles/CBMioAFBVV95cUxPenZuZkhYRUFtREFfSVhPN0trZ1JtbnZpZUtzZDNLeTFpa0Zac3g3RWNadHM3N2MwRVRjWFpTbzhEREVUYVl4cGd2MUtWcUZ3TmxQZjhMRS1uYVkyaWtkMWdQQVJGUURsVUhncWVaT0hzNS1FOG5Kbzd4NDJQTGxXcEFjeGdVVEw3OWZXcXRkbURHU0tXdnp3WkwxVnIwZnRz?oc=5
Issuer A,Company News,2026-04-23,AMERICAN EXPRESS ($AXP) Releases Q1 2026 Earnings - Quiver Quantitative,,Quiver Quantitative,https://news.google.com/rss/articles/CBMikgFBVV95cUxQa3Nia2t0ejhxVFItOF91bW51X1VKUFJCaXVuN3Q1d0NIeG5MdFE4RTVfTEFIR2ZOQ1NUdl8tOF9OTlZ0MDk2akFDZ0tLTFNHdFZENU54LWpubXB6TXBpM2lLMUtKaFNwYUlXWWExZnBiUnMzYW96SmNTYVV4aUxqMC1GLUc3MFNGRHdNdXpDR0lkZw?oc=5
Issuer A,Company News,2026-04-23,American Express Q1 2026 earnings beat on luxury spending - qz.com,,qz.com,https://news.google.com/rss/articles/CBMiggFBVV95cUxOc1AtaHNUWHdVSkhEWWdqOXJ1aVUzNmlReG05UUt3T0V6d3MyUUYxdXJORFNmUUV6cHdONk9xVXlwb1ptOWZsZHpsNktYX0Z5X1FBanRjMHFNdWRuTXdmQlRmV2VFc0gxWENoeXBpOFhkODYwTmtZSmFIRGEzM0xYdzRR?oc=5
Issuer A,Company News,2026-04-23,American Express beats Q1 estimates but shares slip on cautious outlook - Proactive financial news,,Proactive financial news,https://news.google.com/rss/articles/CBMi2gFBVV95cUxQaVZLZENzV3N1RnlFeTVVN3dOdmxMbE5lTmxTUWtENUpaSTJtVF9lQ0hJcERjbEJNUGlESmFYWGJoQlZxaWF3WE1yYUN2TlZNLXZkc0pseW10anFScUMyUFdJOFZJNFJ2M3hwaUpNR0kzSGp4RmZRbmowZ2J2amdWNWhQbWpuOEhWZDBEdnBtRGlDQ1RtUGczcjlmWTREaC1EbE1qUTVJWGZreVF6Q2U2Q1d3LVpWWVZicjRVSVVsdzdZN0FFamVzeENTV0hKb1JmR1Q0aVc1ZDlNQQ?oc=5
Issuer A,Company News,2026-04-23,AXP Q1 Earnings Beat Estimates on Strong US Consumer Services Unit - Zacks Investment Research,,Zacks Investment Research,https://news.google.com/rss/articles/CBMiqwFBVV95cUxPWHktRUFpVFQtRFRnQlJsSWNBLUtXS0s3cDFsczhGU2tSdEhjQVd3V2RrcVRuakVLQ3JKaXlINUZ5dTcxTW9IRkhQSk05LUVtclNVMGZJYnhISEVlWjczQkJrYTRjNjdsUnVOdFNvUkdjNng4NFBQb2lJcENaWWhmdGtmamRFU1JqOVAxek1ldHJ1dUpObXZCR3ptQnVIb2tPWUlUOUVtVHF4MUU?oc=5
Issuer A,Company News,2026-04-23,"American Express 10-Q: Revenues $18.91B, EPS $4.28 - TradingView",,TradingView,https://news.google.com/rss/articles/CBMirAFBVV95cUxNNDdfc3BZdGV0cGpLZHNseDdaY0NIQjJkYWNSbUg5VmRvOEZUQXlick0wUkdaaHViZ2lBd1RSSEV3T1lOcFJDaFdJU3U0M1lwX0xTU2xVa01QQVpHeWZJYl9aVGtSczUtS2d2MnZHdFJURnRlR25vMDVyU3hJaWlXOU5pQlhzRFpzOTJWOXhCV3pac2QxYkktYlowZFZzdUF6ejI1bEt5MVpEUWha?oc=5
Issuer A,Company News,2026-04-23,American Express Co Stock (AXP) Moved Down by 3.54% on Apr 23: What Investors Need To Know - TradingKey,,TradingKey,https://news.google.com/rss/articles/CBMiigFBVV95cUxNeHZ4eVZWT0tQS1RtRkJGOTNCQnR3M2hqcVU0Z1YwZ2dPYjgxY2V5Q1JGTWRSMnI3UFdEcnZWNHN1R0p3bGZ4NXpDV1NOWXY4TmxxUlNMZXk4b3htRlVPeHduRThWNF9VT2x5bXB4TDIzbXB6NzQ3X1BhZ3dXeGxMOXpQMFJ2Tm1Vb1E?oc=5
Issuer A,Company News,2026-04-23,American Express Links Growth to Technology and Platform Innovation - The National CIO Review,,The National CIO Review,https://news.google.com/rss/articles/CBMizAFBVV95cUxQTW4wVkgtUzVoekZZRzZZWXVfa0ZsdTFiX1NpcHctTU1xdU11NzhrTnVDVFA5VUJMN0ZQQ2ZKdjc5cjRub3E2ZnFOR1VMeUJsaGwtUzZMMjJWcDR1SUt4eWNMOTdsdm1NZVFXNFAyVEt3VDZ1ajM3VnFYRUtzel9JTG1pMVpBQ0RCTU8wWU9TR1NMR253Y3Z0SnlZZ2VkdGcwMXdJNzJGMl9sQk93LVg3S2p0dWRPejRWSVdkWGRNM2ZoSzlFd3NZdXdBUkE?oc=5
Issuer A,Company News,2026-04-23,American Express Financial Results Beat Wall Street Forecasts - The Globe and Mail,,The Globe and Mail,https://news.google.com/rss/articles/CBMi3gFBVV95cUxNVXpsLUxRY1UyS1g2MzRIZ2tDREdEZXdJOEZ0VVNYNlZ6cGdQZXM0RkhLNm05SlIyUXctcGhfS3NQQnlKNjNXRXh1emY5eTFoMlJ0enRHOHJnUXhsTnVRdjZGeEdjX1pvSUp0bzBvVGNCZVkyUGZkMVJOTkU4clBhS0dEODIyM3A5T3VfUjMwMkhFd3hGTklxaGRIZG9JZXowTXlzakMwZUpKdTJPTk82QlVxMGdGQ09wczg0ZWxoX2lEOTh3RUgtcVRkQUM2Y2pMOFJaTjZfUnZTeFk3ZkE?oc=5
Issuer A,Company News,2026-04-23,"AXP: Q1 2026 delivered double-digit revenue and EPS growth, with robust premium and international momentum - TradingView",,TradingView,https://news.google.com/rss/articles/CBMilgJBVV95cUxQYjUzOHBOZmduWUZhOElVbG1abDNTVWhpSVMyZ0RrQXNNMDd1bWJZLTg5U1oxdEFTc1dKT0o2TzFpWmNYQXRfbmhBZ3dmT2RQaFNja3p2RS1hcUY2VENIMjFBd25oLVpBbHNXRGNBVEI0VnVwU29RUFpUdjR3c2VmanltT2J4V2c2VFJ0WGxCVG83MWplRWFXOVRsRGt4aEloWHVCS3pJYUZQdENUa1VTb0gySmszQ19XZHFCaDBUWFBldkdEY1VOcFItR3k3VlpqUXNiOE45aFkweHczUDduY3loWFM0VWhkVERRdzY4eHo0Zm5hcVhFUW80SGNubVVlbHlCSk5EOHlDS1hwRmUzdklJNTNhdw?oc=5
Issuer A,Company News,2026-04-23,American Express Co reports results for the quarter ended March 31 - Earnings Summary - TradingView,,TradingView,https://news.google.com/rss/articles/CBMi6AFBVV95cUxPanpqTlRVOUN6Y0ZySXY1YTc4T2VqdGtWYjd6VkRobFViVzN6UC1WRmFkaEExOHgyTTlKcmNPc0N3UGxDQUVfNVZOUEZKX1VSczZRZVVydkpoLXhBTkxYQ09kTmQzdDFiclNyRV9hVTVwSGQ2cy1iMmpMTmVURGNSZTRNaC1Wemp5RnJfY1NBRUFBMlJ2WDJ2b1hHajBmQUdZUjV3SjFreTJyU0tyM3E3eTdxYXBQMkNmRVU0ZHdrcldZZjRoYzBGUlpxUUpoSkFGaHFhMFdDbldON0ZVc1lkcDFRcnZScjRh?oc=5
Issuer A,Company News,2026-04-23,American Express Company (AXP) PT Slashed by JPMorgan on Uncertain Macro Outlook - Insider Monkey,,Insider Monkey,https://news.google.com/rss/articles/CBMivwFBVV95cUxQb1Q0NjVPSGpxcFhrV3BmUk1ILXBOaHJzODVCQ0QyMUlaOXNnTXdVcHJtbFhwRHdxVDBONXhkT1A5X3RNeFF5aU1FNUJyU0NYa0RfcUk1d1lZc0lxMXpIWmRfdkRlWkdvT0pTRWRxZDdOR29hZUdFSFBWU21aRXphalFTSXVSUlJoNXJKdS1OQ3dNRVdLR2d1Q2xMQWRKV2N2c0hqV1ZTOU8yM3prdHhjNjRnQU1zZUJXQ3ZqdFQzc9IBxwFBVV95cUxPaEdKak5Ja0hqTngxM2NtVFk4YUJYWnEyMXRobFhTajZlMk5zcFg1REZXVnhFN2lZZERHUUZORUZwYzZidkloMlZ0T1B0bTJzekxjdVBON0YwVXM4Y1ktYThtOHI4TGVKWlg0STBoSy1feDd5WGhTWEJtVXRudklmY19qZG01d0VnWDFnVEZ5aHlSTXNDWjlncGN4MXp1NkZqZE41UjE5Wjk1ZXNuNkR0M3o2U2NDYXJIa2hsMHU1MEUySXQ2WU5v?oc=5
Issuer A,Company News,2026-04-24,Amex Q1 2026 net income rises 15% to $2.97bn - Yahoo Finance,,Yahoo Finance,https://news.google.com/rss/articles/CBMikgFBVV95cUxPcDdoOW1Qb0w2VmdfamdYVlk0a2JER0tZNzJwQUdzOGxSQktwdnlFUFBUVUt3cllXbVN6aFk1djJpTkdodjdZUkZWTG5NQ25DckduV3JOc3FoNXV5VE81eGJ4QkNaX1lnT0MyN3pBd2xhYnZvT2FXeElEM09BZTFtaWpHTmk1VWFWQ1ZjelBrYXk0dw?oc=5
Issuer A,Company News,2026-04-24,AXP Q1 Deep Dive: Premium Portfolio Momentum and Strategic Investments Meet Cautious Market Response - Yahoo Finance,,Yahoo Finance,https://news.google.com/rss/articles/CBMikwFBVV95cUxQN3Q1RjZpemMtUW9QTWxpcXhFY1dEUFZjMGhXWW1KdWN3Y3pxMlh5TGQ3SlY1R2doam95T214ZXBfcDZtNkJReS1nOFJGVXItSHNPXzRjRFpuWm5zSXJvN1V1Y2loTVdKaXQyQzg0VzFsWmg2V3M4WTBuRVkxRHltbFRNYXVITVNwZnQxNjZTOWJtd00?oc=5
Issuer A,Company News,2026-04-24,American Express Q1 2026 Results: Revenue Growth and EPS Highlights - News and Statistics - IndexBox,,IndexBox,https://news.google.com/rss/articles/CBMijgFBVV95cUxQTVpvcXlzQTk1anJzdHJTSndFTzdnYjJXSlhqR2VBeGE1MmxiNzZ6UGpTX0E5SloyV000MDBidEExendweVJoYjRMRFdDTER4OEh4Q3haVkwxaEk2enFkZnNTaTMxUXJkSndzZnJwVnYteW91Z05BWlYyc0FkYUx1bFplZjNwdDlKMnRYV2tR?oc=5
Issuer A,Company News,2026-04-24,American Express Gets Dueling Calls From BofA and Barclays: Which Side Is Right? - 24/7 Wall St.,,24/7 Wall St.,https://news.google.com/rss/articles/CBMivwFBVV95cUxPckU2UVZaZENyYmZpVXRfd0d3REExV2RpOEVHcE4yS0pGbkJ4WU9DRTZZSkpucWt0a3hEalYyZXg4d2ZSWnZXRG54VEg2LWZHMWJfamtmSE4tNlVBUUl6Ymo0WjBzQjUxaWFucjRFdEVBaW9hMmtua1VYWGRTamk3Y21nLUgzY1lpbG9jWnY2QWxfRWU5RVlMRWpBV3dPZWdvcDlFQjFWNlhPMF9DcWFJVUpXQ3laV0R0cXRScEJtMA?oc=5
Issuer A,Company News,2026-04-24,"Harry Styles to Fly Fans Worldwide for Together, Together Tour Stops - inmusicblog.com",,inmusicblog.com,https://news.google.com/rss/articles/CBMiekFVX3lxTE5hZmxzSW5ZTUVXQVZSSmZiaWdYMDF1V1hORlFVRU1weTRqR2wwcGhHWVVwNXpydWRtd1pyNWw3UERMTXlsSFE3eHBVRHJuLWRzSVl3dXBob2xkSENWQkJTQmdsX0R5eTJRdXFYWjBpRXBsVFFyUXN3bXdR?oc=5
Issuer A,Company News,2026-04-25,"American Express, Bank of America, Mastercard in losers: week's financials wrap (XLF:NYSEARCA) - Seeking Alpha",,Seeking Alpha,https://news.google.com/rss/articles/CBMiswFBVV95cUxQQ09MQ1k1Y05leXVPQTJoclZiU3Y0V0dfUG56UGJDYzZkNTBTRjhnZWFOeVZPRWNuaWFERVdhR3JqQ2k3VUJ2UXJGcE5OMzRCMld6bVE2T1BtaEhrcXFWbjBpX1M4dXJwemJYSWlaT0ZabEZjdnR0eWMwc01FR0pCRkVRUUZ6N1RKZmRZZ19vZGVGd2p3bm9nWFRQQXhFT2l0ZEN4NjB3OFNkNi1BSmwtRHBvVQ?oc=5
Issuer A,Company News,2026-04-25,American Express (AXP) Margin Compression Tests Bullish Profitability Narrative Heading Into Q1 2026 - simplywall.st,,simplywall.st,https://news.google.com/rss/articles/CBMi3wFBVV95cUxQT1BWVjFfY3NJU1lJMnpqYVZyWHh5ZVEzMTh3aThoZUJ3M0N0RDFFcTZKOU5INzQ3WEh5YVdIT3c3MEN1UEc0azhPQWExakc1MGp5QUMtWWVzdUp1TGtqSkRib1I3OU9ocE9sOGFjazh0V0dSYVMwU19CYWt3bmt4NUgwSEg4Mkdtd0RoWTlzbWh6UkpiSG5YZEswZkVBcVk1TTdvaC1yYUg0c1N3emNpRTRzY0hjWXN4YjNSdng5Y1BEejdTQ2dNUW5tRlktOGYtNnZGdm9NelUtTHlxYm130gHkAUFVX3lxTFBROEcyVWVQSDA4cXdZbWdicVg4OElQR2hWS3NVMm1tNnBkb0V1RmJHNkFtZi10bExJNlMzVDloYm5KYS0zZzdHZnBlNC1NTzl0UXlTODRwbklHdEpTU0NLQ2NkWVE3cnJNTUZTSE5ncl9jVnRJQVVGRWlENXY4MWl0M2dweXI3RXJScUdOdXpycDBKeEdmRldBU200dWZQWmdUX1Bnb0ppdVl6ZU90TDZFNm90VlZzeTlCTjNBaXpNdEpDRXhCbEVWZU8zc1NpUkd5dWNhV1V6RVd6WVlYalBJQnY0UQ?oc=5
Issuer A,Company News,2026-04-25,"Amex Q1 2026 Earnings: Revenue $18.91B, EPS $4.28 Beat Expectations - News and Statistics - IndexBox",,IndexBox,https://news.google.com/rss/articles/CBMiugFBVV95cUxPeWZEcml3a0xGUU00YVYtdkRhVXlvMmR6N2dCNVVLdjNYUFBrWmg4M2xmS1Fya2Nwb1dlelliZnQtMVdQVzVUOGpjaTVQUUFsVk1UTGxZQ0VNeDhZM0JoM0RGY0QyVWdxeDlNSlhGdTNERHBVX0dPTTRoMDctV25iaUx5bHFFWllwV25HNlFtQUxDelA1OHZFX0ZMTU9WUUQ2ZVZqQnk0U00wT25HWTBQU2VNOHkxenE1c1E?oc=5
Issuer A,Company News,2026-04-26,"American Express Q1 2026: Strong Quarter, Reinvested Upside, and 50% Potential Returns - TIKR.com",,TIKR.com,https://news.google.com/rss/articles/CBMirAFBVV95cUxPWmZlTm52MUZBWmJ4TE9PbFlzRHVyYWJLVkpORU5XUHc4Njd3Sjd4Vzc4YWZKdnFXT3V0OGlJWDl5MUk1UktyeW81bFI1NHNYZVdpUnBrLUE2X0J4SFFuV2V4OHdMT3ZJMm1VQmM5RndacDlmbTFHTGZsTzJhTHgxVURUbVlQalFtMHQtM0xRNk5fdnlieVpkZTI0Si04Q0N4b3R4X1Y1bXZqTGNP?oc=5
Issuer A,Company News,2026-04-27,"American Express Saw Strong Luxury Spending in Q1, Airline Softness in April - Skift",,Skift,https://news.google.com/rss/articles/CBMijAFBVV95cUxQbUxwRlBRQ3FlNmdPVUQxSjlTMEtjUGV2Rzlud1pwcUxsUXB6QlpCZVhNd1NfTDMyY1VmMzJnQl9XM2dRX0Y5amtDZ0FUV0pNX0g5Y2NmcHdva1pBd1FGQ01xR1hIejl0WjJmUy1fazk4bG5aUFF4ME4yTUVKWHRNNjN4R0UtUTJTMXg5Wg?oc=5
Issuer A,Company News,2026-04-27,"American Express: Earnings Show Steady Growth, Maintain Buy (NYSE:AXP) - Seeking Alpha",,Seeking Alpha,https://news.google.com/rss/articles/CBMipwFBVV95cUxQM1ZtZGVpZWM4TGtBeEt4Z3ZIcGNpT1F0Rm5UQjdRU2tIbENNN1diMmFxSVBpN2t1NlhkTG1kSVZsWDZMOWt5TFpjZ2lsc2hyWExGTDhwNTVkUEpqRDAwZ0w4QlFDQzYxNEVOZkl2TFdUWHBXV1VRZFZvekRjN3gydGVYN2dNVjNYdjB2R3VwRzFDanY1Nnp6Wjd3LXJQZmlTNTlNaEFxNA?oc=5
Issuer A,Company News,2026-04-27,"American Express Global Business Travel to Report First Quarter 2026 Financial Results on May 11, 2026 - Yahoo Finance",,Yahoo Finance,https://news.google.com/rss/articles/CBMipwFBVV95cUxPd3JJSVdQWjhRY3RYbjFWNXpnUXoxSW1kQjFCVFlRNnk3eGpHbVNKSVBmN2FWbGRTeWk4U3FDVm1ZbnY2V1AyQVNXS2tVeldrWGFZQllLYTNVUDlQMlBicTNMcHk4dGFHVkQyeGZEUVVYd3pVWHJac0lSaWFJQlZkY0pHaFFRMmt6TDRnaDV6YS1teTMxTXhxQjY3bnFTLXVMQnJmWDBfSQ?oc=5
Issuer A,Company News,2026-04-29,BofA Securities Lifts PT on American Express (AXP) Stock - Yahoo Finance,,Yahoo Finance,https://news.google.com/rss/articles/CBMinwFBVV95cUxOZzVoVlpSdzdXSTg1MkFrQWRTcE1ieGJpSS1kM3ZrdTdhOFo3TTRfWDk2QVF5aWRDZ2d0SEZkcjIyS05FZm5NU0VlQ3NPdmtYUkZVV2MzeFVpZjBEc3hENjc1RTVEYTNpNFZzNzRiaGNlU044SmREQmpZdFAyNTRhMmRKLUQ0a1cyV09wM2l1LVdkNlVUX0RIV3d2bm1zdFU?oc=5
Issuer A,Company News,2026-04-29,Brighton unveils plans for groundbreaking women’s stadium - Women's Agenda,,Women's Agenda,https://news.google.com/rss/articles/CBMilwFBVV95cUxON2tmd1VGR0ZCVDNHMFRMYmxWTlhrVTdGN3ltVHIwWk41TktQQno4NnI1dGJSNWNMeXdoNXlFR3YyLTBkS0ZvRHhHeEVKeE5BVEpuN0FMT3B4TWs1YzB4ODhraG1DQzNBMWdCaVZ2ODJrMzJhNUNjQTRqSFB5ZHc2NjBZOGNCbFJncnpNRjZ5ZGlGRDgtYlMw?oc=5
Issuer A,Company News,2026-04-30,Amex Introduces Its First Issued Debit Card & Business Checking Account - Upgraded Points,,Upgraded Points,https://news.google.com/rss/articles/CBMicEFVX3lxTE9peEw1bVd2X2dBYVNCYm41am1lZ0VwcVBOWFoweENaWUN6ZEphbnV1dUVOZW9MOWZLbmkwMmtWYm1QelBuX2xfek1uMW5STVZvRTROdy1Xd2N1ZFppaWFZUEVDNFRWOXAtbDRUdWpCWGg?oc=5
Issuer A,Company News,2026-04-30,American Express Has a New AI Play That Goes Beyond Payments - CardRates.com,,CardRates.com,https://news.google.com/rss/articles/CBMihwFBVV95cUxNNnNqYW0wRmtwZUREV1F2d2pBZnNpUzF3RkhLN0ZSUlE2eEhwV3FTcXhNRHFiTkd4a2ZlTHBVSXBPdjBnME9TWTFlWnFxdlZwMXlZRjlKRFcyenRHRTl5clgwNEtzWElXS2MxTTNoUjVwZ0NuUVg1ZnhEUXNUa1BsTm85YVdBdG8?oc=5
Issuer A,Company News,2026-04-30,Lowe’s Launches MyLowe’s Pro Rewards American Express Card - Hardware Retailing,,Hardware Retailing,https://news.google.com/rss/articles/CBMivAFBVV95cUxOd2hycWtqbFg5T0lidmRYNUhrNXVfd2ZHWXl5bWZhNmdxMnNEUFhyNE1FeUNsclhQWGFNdk01M3ExMVlOTEVNa2RzazNuMXlndEk5bHJEUzRSYTFfbXVCMFl5VWVKQ1d2ZERfUzZZbGxTbzJHcTBCdUtNemNoV2h4OF9OSV9vOV9sS3p0dmtRSnozeUZ4cU9BZlh3dVk2dHczandOemYzbnlaTXVjeVdTZmc5R2xQWlEyQ1RCRQ?oc=5
Issuer A,Company News,2026-04-30,"Olivia Rodrigo Announces ‘The Unraveled Tour’ Spanning 60+ Dates Across North America, Europe and the UK - Live Nation Newsroom",,Live Nation Newsroom,https://news.google.com/rss/articles/CBMi1AFBVV95cUxPdkFDWUhkQ1VvZ2JGLTU5ODVpaUZ1RGZKVl8yTnB5N3R1am1ObjJRSFJJR0ZKUlcxdzhsMEdqcXlJaXBNcTgxdnZyMkxPajBSRjZwTVp5ZS1TTHpPXzZReXhqUHZvSi1yX0FIbkVWQ3lhV3NwN2NsN1MzSG5tN0tMT2luV2I0T0RfRGJjVXlWckhscGZSdTNhOGQ5T0JSNjlFVU9lRlFhTkZacVRfMVh1SjVBcEt6a3l2bEFCcUxtMGw1bWp4dERMN1ZWa25JQXBrTHkwcQ?oc=5
Issuer A,Credit Card Product,2026-04-01,With 32 Locations and Growing - American Express,,American Express,https://news.google.com/rss/articles/CBMi2wFBVV95cUxQX2N2czUyb3FZYUlfRlBVS3pleEdRQ19DcmNveEVZVUlVQ0FnTU12emkzOFA0TjlvYTJ0QThjOXFxYklMWTFoaUZMZzBLUV8tT1RobnlsUjVKc2REWWNFZGNoLVY0aVA3Rm5MM1gwNUw2dlVEd3hxQ1ppNl9vaFAxN3NSTmlSbjgwSjJkWXJEX2Z4YnVBcW5UYjZhZzdCdUVsQTFQM3dQRjdkRjczam9wRzcwdWpLcjNJUEtjOU9tYXJzU3VFdXZHb1NIb0R3bi1mTUtWOVd0SHlsVzQ?oc=5
Issuer A,Credit Card Product,2026-04-01,"The best American Express credit cards for 2026, picked by a card expert - CNN",,CNN,https://news.google.com/rss/articles/CBMiiAFBVV95cUxNM0x6RUlJcGduU3FBS3hFM2NPUURUb0lLb2o5OGxYREIyREpoMFNYLVF5OWowd21DUHpHZGE4c2JINXNjWmMyZHF5WVhlRGd4M2stZkNVRlNqSEZsY00tLUlFakhpa1BZLWlEeVYycXpuMjR3NDlxclM4RGUxYnM5Zm9tOERJZEdL?oc=5
Issuer A,Credit Card Product,2026-04-02,[Expired] Earn 150K Points Plus a $500 Flight Credit With This Limited-Time Amex Business Platinum Offer - Upgraded Points,,Upgraded Points,https://news.google.com/rss/articles/CBMilgFBVV95cUxQcWgyN19zY2I2djZxX1JBZ3cyRzd4SHBJQ2ctSlk4enJQVHBQak5RazFUT2hUR0VncURXNXFFUmtkS2dfUmJJTHZGNUpUMDY5MEo5X1dlbFN3MFNhdmozdWF3QTZuWnBvdWJtZUM4NnRpcGZRYURZTFZYZlQ4eEpaZV9SUTZiUHREUDBuTlRXRWRVUzZLaFE?oc=5
Issuer A,Credit Card Product,2026-04-02,"$3,000 to $5,000 Amex Card Intro Offer - Kiplinger",,Kiplinger,https://news.google.com/rss/articles/CBMigwFBVV95cUxOOWlZbkREa05iRWJQcWFtQ2hQLTc3cURIZ0d6WTRRdjY1UGV2NmhaVlE4YjZJMDMwdXpEX05UcFdxQjJLZnNGdWRIWGVmRlVIMDNscGRIeUY0THZiRk9OTTNyQlJGZ2QzQTdCTFRxYV9ZbDVoenJzdllTdzR2VkdiVWlfMA?oc=5
Issuer A,Credit Card Product,2026-04-06,"Huge: Up to 500,000 Points Across Two Business Card Offers - Eye of the Flyer",,Eye of the Flyer,https://news.google.com/rss/articles/CBMiekFVX3lxTE9ib2tBYTl3Q1VVY2FINGdEdjZMWGpCbmpMMVk5a3pDb2c4VTFaYlkyNllpUHY4S3dRRGJZYkItV28xX19VQy1jU1J3eE1lNVN2RnBoSG5wSjVpYUdZdmwxNU1LRDhENzRiQmkteDFWdGczdDg2QWFIUG93?oc=5
Issuer A,Credit Card Product,2026-04-08,American Express Business Platinum: A $200 Annual Fee Increase Will Pay Off for Big Spenders - NerdWallet,,NerdWallet,https://news.google.com/rss/articles/CBMilAFBVV95cUxOaFRCLU1QcmtBQkdfRVNnUUhaWEFKOHk4X0Q1Z25GTWs2MUs4RFZ2S29tM0VhOUhZeVoxRVRzbE1uT1hrdDJnUmpjSkl5WURJenVndDhqSVpwX0p5RnJEYV9HQV93NUtpZjFNOWdlcEtJUFp1ak11X3U2ekNzU3k2SFowSkV4ZklZRm9GanBMZV8wNHpD?oc=5
Issuer A,Credit Card Product,2026-04-08,American Express Travel® Reveals Top Travel Trends for 2026 - American Express,,American Express,https://news.google.com/rss/articles/CBMi1AFBVV95cUxNQUxLU2kxeUJKZ1VyckF1OXdwQmhSbVk4U19jdmpCREpwb2hHaHVxWFd0OFZsbHgwVG9kVFRaNF9obS1JQkY1SktMX0hPZTNrc04yMm1KX1FQZGxmdkE4My1MQzQ4SlpPX3g2eE94Zkd0YnN3UzBhZEJ5dlF4ZEt6aThLQ0tvOGplRElYWHM5RWxhRDI2X1FwUnFCYjJYMGR6MXNYV0t3U0JsZGlrM2VuLXhHang2M0N1eDFQRTNJX1JpX2JRRjR2LTU4WFE5aUZCZlJTWA?oc=5
Issuer A,Credit Card Product,2026-04-09,How the AmEx Platinum Military Benefits Work - NerdWallet,,NerdWallet,https://news.google.com/rss/articles/CBMipwFBVV95cUxQU1k5TUxrMEdHYW92eVYzMFFubDZ0X1l1dkEyQU8wRlFQd1hqQ2lta3o2SGhzZEdDaXh1M2RZcjhnVHlZVVg3MEROdkEydm13N3VfcmNtamp3bVBTNUZGcmVmVTZ0YWNYTTAwNFBFRE9nOHpsUEFYQ25vMS1Sd1BIOWVGT3YzZDFWcld2V3RDVzd3b09nWjRlN0QxSzBCN2VZUEs4TGNySQ?oc=5
Issuer A,Credit Card Product,2026-04-09,How Much Is the American Express Platinum Card® Annual Fee? - American Express,,American Express,https://news.google.com/rss/articles/CBMigwFBVV95cUxNYnJUY2JEMzV1VDBaaVB5V1M1d29hNXlpejZCY0hwQXhlLW1oeXhNbUltekItY2xWQ1FXXzFTNGxUZElydE12RVJhTTdTWmw2LUdXMXgzSGVHVHU2SVgzNENNQUpOLXVXMW1paS1Qd0dTOEU4NEViRnBUa2JwUjNXdUhmbw?oc=5
Issuer A,Credit Card Product,2026-04-09,Explore Rome’s Hidden History - American Express,,American Express,https://news.google.com/rss/articles/CBMijwFBVV95cUxQMzNQcWlZT0NrcnVkb0ZqNWw2R1dlbDMtMmhfVnNPbUJGRVZnbWs1WFY1ZWFUX3FPWWNESUVLN0N4LUxLWXktdWtnVzNLYWJVS1I4VHhid0tzWVliUU9lLUREV1M3OC1TaTJtT1BHWnd0Y2VoeFNPbnNKM3VIbjRxUWcxelpGMUVDb3d5cnVjdw?oc=5
Issuer A,Credit Card Product,2026-04-10,American Express Introduces Platinum Member Airfares for Cardholders - Upgraded Points,,Upgraded Points,https://news.google.com/rss/articles/CBMif0FVX3lxTE1SWjRINEwxNTRBeTdDdjQ1RXZTZExKajFaam40WGNkQXdUR2JGdHFiVFliaWhQT3B0OTNSaXJiYy1fcUd6ZWYxYkx4RnRBMW9DZnRJWEgzVU1TMkVyd19Ld0lfMDEtNlVpZElRTjlyRGJnU2NkcDhmQThsZXR3SkU?oc=5
Issuer A,Credit Card Product,2026-04-13,Amex Is Overhauling A Key Platinum Travel Benefit—Here's What Cardholders Should Know - Forbes,,Forbes,https://news.google.com/rss/articles/CBMivgFBVV95cUxPQkFHcUZzcUFSY1c2cllQbjdjUU42bl9XdFRPVi1qTl82NFlDOW1nWlJFNTNWZjh2X19kUkthLVRnaHJJOHVYdGpFQVdFdS1hWWhIbm9jZVVfVFNGN2FvZkltTHNyeE5MbGh2c3J5WWR3WmdrSk82dndQQlo2TDA0NVo4TmpYZHkydm9GNHZJc3YtOV8xQTVWNnQtSEQ4S1luS2ZOLW1BOHQ0QlJTQXpEVnd2U1R0eGhQN0NGemNR?oc=5
Issuer A,Credit Card Product,2026-04-13,16 Cool Hotel Pools That You Won’t Want to Leave - American Express,,American Express,https://news.google.com/rss/articles/CBMigAFBVV95cUxNMnRZR1paN056V1BkM3FJMWNDUGNnNHg4cEtoUHdHTEdZdng5WUdkcEpPbXhiSmNnWVRrWHV5ek9ORDBBQTFQeHJ5TkQ3Nmw4WWdHQzd5dWJWYzgtYUNaMFdObmdnUU1oVmVkWUVMbERwMzAxc2R3SVNtMzZLblQweQ?oc=5
Issuer A,Credit Card Product,2026-04-13,Why My Husband and I Both Have Our Own Amex Platinum Cards - Upgraded Points,,Upgraded Points,https://news.google.com/rss/articles/CBMicEFVX3lxTFBmMGwzVUVoTGVyYnNtNVZ6VFg5Q09kMElET01WTjY3c3YweFVyTTJaR281WEs1WVBna2R2aFZBMW5oVWYxSE5JaFA1WUtCVzJSVXY1Sy1kYUZpWmMxMFkzc1VDVFFFcjZZR0w1SDZUNDA?oc=5
Issuer A,Credit Card Product,2026-04-14,What the 2025 Platinum Card Refresh Tells Us About the Future of American Express - Upgraded Points,,Upgraded Points,https://news.google.com/rss/articles/CBMic0FVX3lxTE9nNU5OSURzcnk1QVlvOWliaFZyNzFzZldvMkd4VmVxQWQzWndKTjNpYzJJdVNVbTJsLWl2bl9pM3ZBRXdjY2tNUUNHMmNnSXZVWHZaM1FiOXRtdWlYQjhnSmxkN3ZJYnpPVmNrM3BFcVE4QTQ?oc=5
Issuer A,Credit Card Product,2026-04-15,CNBC Points Pro: Which premium credit card makes sense for me? - CNBC,,CNBC,https://news.google.com/rss/articles/CBMifkFVX3lxTE9HREplcVNSUHY2akNzTFhPSkZkbDZqNmd2NnEtRVJYYTE0UVVGdFZoRFF6aU9ma0g2VEdRenJRSmZwX3hpdTExeTBPYkpWRXFURUpxUngyX3pBanJReXBBN2V6NUx5b29tUUdkVExQUHZyLU1SQjBtQW00clVXd9IBgwFBVV95cUxOaFZEWVFTTGp0WHdEOXN5ZlNaUFdfNVVPZ1poZi00Nmw5MHFUM1RrajRDdHB5OGpXUjRlV1ZFWVRsa3V6M1hSYWRIbVRKTEdXY0JuLVBSZUgwendBUzJiV1UwRXZsQzM1VzFCbGw5cXpyTUlOc1ctU2pNTnNMcnhVbVZxdw?oc=5
Issuer A,Credit Card Product,2026-04-15,My expert review of the American Express Gold Card after 4 years of use - CNN,,CNN,https://news.google.com/rss/articles/CBMiigFBVV95cUxNZXpOV0hScUtIZXBxblNjWUVtVnQxS3NlaDVTOHNuX2k2Zmx3dk9XcDd1Z1htaW9kem1jcFc0ZVF5b3pjM0NfRWowZmZnLWNxV2xOaktMSGN1RV8xN1M2Vm9vcnlHMVV3Y0hiNHEzNndYeDVaRzNJSGNnRGt3VjE5a3dOVXNlSGc1SWc?oc=5
Issuer A,Credit Card Product,2026-04-16,Best American Express Business Credit Cards - Forbes,,Forbes,https://news.google.com/rss/articles/CBMigAFBVV95cUxNWXJCNUFlbjZQbzNtZ1YzVzd6bmM4ek00bDgxVEVSNnpBN21DTkYwMTdVV3VuQUw2UUpMMldHV09qMi1NUEZjUTR0eDRQY0RTLWotcmVzaXUzX19nVVoxaGliU25kNTd5ZEVhdHc5UjJObmVILUNHYndxVEE2LWFvYw?oc=5
Issuer A,Credit Card Product,2026-04-17,AmEx Adds Platinum Member Airfares With Flight Discounts | Credit Cards - U.S. News Money,,U.S. News Money,https://news.google.com/rss/articles/CBMipgFBVV95cUxOZmFIcjBBbWFUdDYyZ3ktbkRfWEVaeUJBR3hlaTRHZjJhWHN2V1FtdVRNZDNaTnlOS0VSRFNqUFo0Z2pWVGkzak1Xd3B2N3M1Y0h3X0FHVHU5WlBKSm13MWVVTXVBekhrSkg4blhNcGtnUnFXZk9aM0QyTVVTQmM4U1J0U1ljLVdpZ1drM25qbWJRSFhJUkxzbTJodHBpX0hySjFNRFln?oc=5
Issuer A,Credit Card Product,2026-04-17,"26 Benefits and Perks of the Amex Platinum Card ($7,500 or More in Value) - Upgraded Points",,Upgraded Points,https://news.google.com/rss/articles/CBMikgFBVV95cUxPMFVucnhwSTQ1WENpYVpGYVVwVG1JZWJKeERERENhenpTNWRORUdZeVF2WFBQcDQxOTdGSXdpOUF5VUQzTVFiNXA2Z2I2aTFUX2Jvaml1ZEtHby04N09ic0NOdmZad1FLSzZkWlU2U0Z1Z3YzbWlwUUFxTFdfSi1seWt1SXhqN3p6YnBxRk5TeExPdw?oc=5
Issuer A,Credit Card Product,2026-04-17,Amex Platinum: Get the 125K or 150K Sign Up Bonus [2026] - Upgraded Points,,Upgraded Points,https://news.google.com/rss/articles/CBMiekFVX3lxTE5FRHdPTDFTdTFQWThubWhIbk8tOVRJZ0NoYzFkcU13UzZuQVh1TWp0RjlMUGtzcS15TC03dlNVSzY2ajBkLWoyYXRYanlad0dpaWtUQ1RqTlQtR3Nxb0ZmR2NxaU9ybFRna3lITHFEY2RvN3Itc1E5S3dn?oc=5
Issuer A,Credit Card Product,2026-04-20,"17 Benefits and Perks of the Amex Green Card [$2,300+ Value] - Upgraded Points",,Upgraded Points,https://news.google.com/rss/articles/CBMijgFBVV95cUxPTlc3TDJwcUpzcDEtdW9MNUNEaGhvaDZGRnpDMHRzRkZsMkNLRVpLSm9ZYmFIS3VoQzhHd3FWclplVm5ZRndWMkN4azNGelhzenQtN2t3S05nMFdOMDRsM3NDUDhIM2ZMTWtKQ2d4QUJuWUpWQ0VaZVZuS2JuLVEwQTFLenVKcEtJUXJqeHBB?oc=5
Issuer A,Credit Card Product,2026-04-21,"Delta credit card welcome offers: Earn up to 100,000 bonus miles - CNBC",,CNBC,https://news.google.com/rss/articles/CBMiYEFVX3lxTFAybG92UGFHMkk5NTZ6R29kWjJvRFVPaDNoZXhWa3E2Z3RDQmNwWUF4ZzRoMDRBOEpUUEZIWXUzb0ZQcHhZR092TGlZaGxWVjFNbmNjZXdnVGJ2UVVydzdqctIBZkFVX3lxTE5xVUdKejN3SkdBRmRNajBGaTd1MTFkTnZ1OGQyWGxheHlzVHM1Nmo0MXk3ZDByRXZtczVzNE1rc3lHQjZMWkZfMjhodEU2Q2R2Q2tyZklNYUN4UHRJbHBZZTZsT1VPUQ?oc=5
Issuer A,Credit Card Product,2026-04-22,"Earn an offer as high as 175,000 points on the Amex Platinum - The Points Guy",,The Points Guy,https://news.google.com/rss/articles/CBMidEFVX3lxTE1ROHUwUHlpSmtYRUxyY2hISzFDWDI5WjROVFRUXzc2R3otS1B5ampYSWxVMnd1UWJHT2w5Q3BYclA4VWk5RFFqZEh0VEQwdWdpaEF3dUZHMWFaUnpNNndENE1tS2Z2OWRuMk1ZUEloajl3RDVs?oc=5
Issuer A,Credit Card Product,2026-04-28,Lounge access guide for Amex Platinum and Business Platinum - The Points Guy,,The Points Guy,https://news.google.com/rss/articles/CBMihAFBVV95cUxQNGlRV2F5YlFCQjhlNDdvMWg0bGk4ekRVUTZBa014SzJLVWZreTUxVGtnVWI5cnFwM0cteS1XZzVKZ0ZqdjhkQzJKNGV0dDdYNEQ3NnJBay1TUGhNVzlaTzVsd2N5MEFjTUM0cFFBZDNSdUxOc1cycXZfRnJ0ZXJDZExGeEg?oc=5
Issuer A,Credit Card Product,2026-04-28,"How 175,000 Amex Platinum Points Turned Into a $7,000 Summer Europe Trip - Upgraded Points",,Upgraded Points,https://news.google.com/rss/articles/CBMiggFBVV95cUxNTkktVk9TVTZ5LTMybWdvWjBjTnRnMS1oUW9BSmhiZ3JfZW1MZUZCZXdzbV9mMDJVQmE0UzhCMXNYazc3c2NrM3dxU19VczlQVUtqbXY5YkJhWGtUVGYtMWd4OEpaV25YMUNWTmc5bGx4TWs4VzV5aHVMV3JzVmRwQzZn?oc=5
Issuer A,Credit Card Product,2026-04-28,"I Did the Math: The Amex Platinum Could Save Frequent Flyers $2,500+ in Year One - The Motley Fool",,The Motley Fool,https://news.google.com/rss/articles/CBMixAFBVV95cUxQNmRvRmM3Wm1QTTRtbXM5NjBKc2NBM3ViV0RQVWc5c1MzREE5bm80eGpUZ0hFVlN0elpmcnc2ZGI4TnY2OUZsNkVPYVFUU0VDbm1aVDBOZEJUckdFWmVnNW5UVlVzR0JOZTBxZnpsVkZxQ0JlOTV4dXVXdEM4dEJLdWw1WlM3ekJuUC1PQnVRMm45MjlmUWt3R2dJbEhaT2YwMmxjZ3VMOVZISEQ3ZzdkVlR5S2pJVjZvZ05rMllCZGNTd0c5?oc=5
Issuer A,Credit Card Product,2026-04-29,Amex Business Platinum: Adding Authorized Users [18 Benefits] - Upgraded Points,,Upgraded Points,https://news.google.com/rss/articles/CBMikgFBVV95cUxQZ3YwTU1pN1ZaWmxQaldqbEZONW5uRlVrWHJzOTdvWXdlOVczWUFMS19sOXVneVVocVIyMXM3Um1aX3lkOUZxR2xLdHRoVGVYMVMwc2ZBREJRX3NzRmRnaXowNVMxUFJWR28ta0RRbDY5ajZxNTBnVDBJeHZLcXFvTTN0b0dUbGF6bldvOXlSSmNrQQ?oc=5
Issuer A,Credit Card Product,2026-04-29,Amex Platinum Card: List of Entertainment and Event Perks [Deep Dive] - Upgraded Points,,Upgraded Points,https://news.google.com/rss/articles/CBMirwFBVV95cUxQb2k2cTM0MThvWjlwYnc0LWRrS01SY1k5MVlUanp5QzBWMlJfQS02ZFMwMUdJMGtRdl81dFY3cV93V2s0em91bE4tRVZlX3Nmc0RJMVBTNGs5NE0zTlBUTHNZMW93YXVCQ2ZwTGx2Y09qdjhyRzlYYXRFdnRSMDJ1c0FFWlNPWHZST0NkaVBTTEQ4ei1hR3lxQkhkMTFleHNDV0hrQXJoSFh1cnVHVTlR?oc=5
Issuer A,Credit Card Product,2026-04-29,5 Questions to Ask Yourself Before Getting the American Express® Gold Card - Thrifty Traveler,,Thrifty Traveler,https://news.google.com/rss/articles/CBMimAFBVV95cUxNRldydE9MTzdIQ2lNM1ZUNXJrWm1yenZ0dUt6LXk0RUdsRVZmLUpJUXZxZjIyMHo3ZE94TW8yYUw3YUJXSUNRMmlPY0RCd1R6aXlqWWE5blhXNlVxUmU5RE54NkUybUVnN0dHaEo2bWF4anlJeElUSG9veE5fSHgxWmh3Zml1eEs4cGRPcjFpUXRLelBMWldsdg?oc=5
Issuer A,Credit Card Product,2026-04-30,"Amex Gold adds new benefits for 60th anniversary: Rental car status, additional dining partners and more - CNBC",,CNBC,https://news.google.com/rss/articles/CBMigAFBVV95cUxPYWk3RGhnemZZclBXWDRsTGZDRF9vRUFPRElaUVg2MkNQbHdZMjJNcktvTEw5eUloM2ZfeFFMZEF0UVM1blR2LXF3clQ2SmdzaU5Xak1hOWlVVThCbFYweWgwbk56ajdmV3V3YkV0T3pFM3lTdEZpbHE3M1ZHQVdHSNIBhgFBVV95cUxQZ3c4bXNsNHFGUlNJT21kUV9CZ0FxMENreC14c21KU3VLVnlZRTgxWnpOYm5pVGFraWlSeE5kc2Y0YUkyTXNrMXZmMTl4Q1Q0bUxMZC1NWEFDUjdsVkJoUUV1QUd0RllTQk5IeU9Rbm9UQi1kbGNpU1M5UnNYaFhsUjNjWXRVQQ?oc=5
Issuer A,Credit Card Product,2026-04-30,Is the Amex Gold Card's $325 annual fee worth the cost? - CNBC,,CNBC,https://news.google.com/rss/articles/CBMihAFBVV95cUxQcVhobmZPMnF3Zlg3SkxEbVR1REZQTldVcm1PUFpJRUE1R05ISHgtV1hNajlEOUExQnhVSVZHVVJWUVBEQURUM1JDMnVHR2p0cUhBc015TC0wMnl0UEpnQ1VDSVh0VVZkVTNHSW5nMEVheVJXenZqbmlPbEpWOEV6bWVjeDTSAYoBQVVfeXFMUGRXOGpkY3dBM1NlLXM5QVdTbWpUYXBZTjdTX2xyYUc2NkxtX3JYcVVMa2dDSWMzQjdJM2EwNURCYkx6SktNb2hJRWE5WmlNZWZiQU8xSVY1aWdLOWtxM2g0WW5SMnlPU0RuTVdldXhBRUhYZmxodHZwU2Y0a0VNVzNfd3kya0ppSTBR?oc=5
Issuer A,Credit Card Product,2026-04-30,5 Things We Wish We Knew About the AmEx Black Card - NerdWallet,,NerdWallet,https://news.google.com/rss/articles/CBMibkFVX3lxTFBUUVQyVk9YaGhQMjhwVHE4WWgwb1hyZFJic0JNaXFpRlBaanNMLUUwbjBVVC1VaWJDZGFzX3kyM1lzdk9rWXBUMlZ2amQ0aHJYY0NqSXBfR1B0ZEhfTVUyRWh0dGNIY29wd1N2cktn?oc=5
Issuer A,Credit Card Product,2026-04-30,Amex Gold Card Turns 60: Here’s What’s Changing For Its Diamond Anniversary - Forbes,,Forbes,https://news.google.com/rss/articles/CBMiuAFBVV95cUxQZmJVbU91SDBFZ2tBLXhSV1VXN2NDZ1lzNFl6YXptY09KMHhqR0pCbmYzR0hJS2hQeTB1UjZjZFB3UWN1ZnRycFEtYUU0NkxzZkZCTko4U0QzbVpsbEVuYTlNOXNQeFVRWjBvc3dhMzJpVmY2cTdkSnA5bzhxRU8tNGFFUEdkaVgyeW9aQ2Z1aGVMUThVbFJ2U3ZCeTJYZEdaOGdVMTM3LVBjWGd2ZzFtXzFiUkFCNUky?oc=5
Issuer A,Credit Card Product,2026-04-30,"Why I Pay $1,000 a Year or More for the Amex Platinum and Gold Cards - Upgraded Points",,Upgraded Points,https://news.google.com/rss/articles/CBMidkFVX3lxTE5QbExqNFRTZEY2U29VczQ4YWlLVmpicFZiRDlLNVBZeEZGRXBfcHo1UzZkd3VxQUltOFEzQlM1UGg3TFludlB0ak56eE9wQ3gwUGVSNEpqcGVjQ0t0czVoeFFLLU9vZjlNTWxJakNOU3QwcDRncEE?oc=5
Issuer A,Credit Card Product,2026-04-30,Why the Amex Business Platinum Is the Only Card I’ll Use To Book Flights - Upgraded Points,,Upgraded Points,https://news.google.com/rss/articles/CBMihwFBVV95cUxPcFJBNUhsZ1hseFBfTkh6UnlzOGVPVkRBLTJ5dW1rU0h2RVpNYU9yYmZheTR3T29lY21DNGpMYWpBY2ZWYWFYX0NLay0wWVpraHEtY01CbzBPd014NEVMVlVDenkzT0pzRUM3U1Q3cXVCTWpxblVpS3F6UV9yVVM5UVFheXQ3bFU?oc=5
Issuer A,Credit Card Product,2026-04-30,How I Score 200K+ Points a Year and Luxury Travel Perks With This Amex Card Duo - Upgraded Points,,Upgraded Points,https://news.google.com/rss/articles/CBMieEFVX3lxTFA0M2lfMXJQU1pKWkVSbDB1bHFPYzR6ZGJwWTNEZGRkdUdHbk5zdU4wSXJ3RVJYcmtwdndLbllWa0NoQW1iNlR3aW9RZU5MVDVNQ01HOVBjQUpub3hCSl9pWlM4YXc3dUJVcHpBRlkzYjZPTkJCY00ydA?oc=5
Issuer A,Credit Card Product,2026-04-30,Which American Express Credit Card is Right for You? - Kiplinger,,Kiplinger,https://news.google.com/rss/articles/CBMiqwFBVV95cUxPLWZ3TzBtckhuTmV5OHlkSjh1V21IRUc3RzZxemY1RkRLY09sNVhWR3VvN1FqaC1lVVlYZFc4Zm14eExJNXgyLUg1cHk0blFyNVd1WUFqWE9IM08wc0Y2THlNbmZfbE5zejdCQnBUYjFPeWZHWkhZUFFQWVllZzVsanFHVm85eGNEUXV5VlBwVTNkNjc2Wjl1Wl8wSE9yM0w3eThDSHowWHd1MGM?oc=5
Issuer A,Credit Card Product,2026-04-30,‘Level Up’ Your Understanding of Amex Card Levels - American Express,,American Express,https://news.google.com/rss/articles/CBMimAFBVV95cUxQbHl6LVRhdG9zWDJPNFh5aWVZNzNTMXlxMHJNX241MVF3b0pocWN1aW1LeW5tUUlDa21rZ1U2VEZqWHdGdFItTGNCMXFaX2FzWEFWYzBNX1pBTC1yTGYzeXh5d3ZiU01tLWlmMkRwYjJiYmw3Mm9zbzBtMHhJdWRpV1hoMU5DWFlVVUFCSXpLbUhRSnlEeFpsdg?oc=5
Issuer A,Credit Card Product,2026-04-30,U.S. Consumer American Express® Gold Card Introduces New and Enhanced Benefits as Part of 60th Anniversary Celebration - American Express,,American Express,https://news.google.com/rss/articles/CBMi4AFBVV95cUxOS0lNZGtMemhnQklqVzI2QmN2LVg2SXY3aGhiTlRBZFpad1FXWlpiNG05Ym5IQWRzcUlfQzVTQTBDTHFIXzN1dnl2RnhxNThIOFRQRnktczlmSnNvNG9GZWpFaUJtc2cxMXpiUmV0Tkk0T2hCazZ5cUo1UkNxQzk3eVRwWWpxZTR4cnB2Z0VkVlQ0aFBUU2x4R0czZmxxUmJoLUVfVWlpRnMzRk1fcUdXcXV6TkxQM0dBemM5RDJhSlpsYTBzSmdDV2FiT1J5VGdTbE5yOWh3dWNVeGlfUVdIZA?oc=5
Issuer A,Credit Card Product,2026-04-30,Amex Gold: Travel Perks That Go Beyond Lounge Access - American Express,,American Express,https://news.google.com/rss/articles/CBMinwFBVV95cUxPdjZDeWp1MGoxLWFscW1YMmhYb0pXOXRuUVR6MkRCZ1BVcGZ3VjlMa25MZFlOWEpybzJJcmFSRWw3U2h3ZGp4cXBHUFg0RkxvZEVzSWpCR25weGctLWszTFFXdm5MN0c2UEE4X3NqQTY0c2drTTRPR2VoUkR6V0lwVjduWUl2S3pDazhKaE9rWDQ1RGVZUzVxZTQwTTZ3LTg?oc=5
Issuer A,Credit Card Product,2026-04-30,The Amex Gold card is more rewarding now but not for everyone - CNN,,CNN,https://news.google.com/rss/articles/CBMieEFVX3lxTE43b3M5cUdsSWlIM29YNEpmblg2di1CZkstdC1lSHBuUW9yWno2ZlotRkUzLWFhLXNydnE1U2JxVHJwNkdwM0phYUxjM1MwSXNsTnljTHJTV0VHMmhBWVNnUjVNSXVxNm56MDQ2T1J0UlNIWTlFeTdZTQ?oc=5
Issuer A,Credit Card Product,2026-04-30,American Express Gold Card current welcome offer - The Points Guy,,The Points Guy,https://news.google.com/rss/articles/CBMib0FVX3lxTE9DYTJiTjBsY1dyZWRnUzlxM2FnNU5XM0RUcF94dWUzQzkySFhCRWY0YnE4SERjbXQ0OWtzeXNTWG01VkpSZThVQVZjQUQ2c2E1Z1hUYWhndVBtU3pPSEZkY01oRnFBMEg5V3IxUVViUQ?oc=5
Issuer A,Loyalty / Program,2026-04-01,Amex points will no longer transfer to Etihad starting in June - The Points Guy,,The Points Guy,https://news.google.com/rss/articles/CBMifkFVX3lxTE9odzVXM0NEYzVTWkJ1b2VBZGtldkY1WTFTMUZtbmktQUlad2xaVjVNV0lPWU1lTVVIUWJaWWJHa0xCVEVPZW92S1htcWhTdnl5N3JkNVZCX3pRQjRTTnBPU0VUNUMwMXpEYnRYVFFES195TTdqNXZfdl9jN29OUQ?oc=5
Issuer A,Loyalty / Program,2026-04-02,Save up to 50% on Amazon by using just one Amex Membership Reward point - CNBC,,CNBC,https://news.google.com/rss/articles/CBMif0FVX3lxTE45QzVaaU5ySGtLSUQ4SG5mcHlCazg2RnotUVA5T1JOeEYyNm9xTGszcEgyYkpYV1R6aXdud0VqZDNzb2RsV0ZiMjkybngyNGVfcGFNc1E0OGVfdHUyS2ROUU9QamZDWTVDbzRXWTlvTWxudDlfN2MtT1lXMUQ5MHPSAYQBQVVfeXFMTUZndnZqRUV3OVM4UVJNR1JwVjluYjREMXJTRFJwZEZWR25vMGg1QnYwMXJsVjdBUndZWUJUV1RTUFFmQmU4YWZpWWpXcmRLanpueC03RW9XeVNyYUVXVE9jVEFGUlByVFplckN6dUp0U2RuVFBGS3FKWkZZbl9SMjBaVnB4?oc=5
Issuer A,Loyalty / Program,2026-04-07,Qatar Airways Privilege Club: The Complete Program Guide - Forbes,,Forbes,https://news.google.com/rss/articles/CBMikgFBVV95cUxNOVFpZGdLemtxb0NXNmNTV1BsUzl0YXRBMXVWMVlLdVN6MmpGOE1oWncxU0lMV0thekx6VnVucjZIYkYxX3l0bGxiMWNtV3V4MW1keklPR0t2THRJTFE0aUtxVXhRSVBVdkhCRXBnLUJpX0I3LTJtOXhUQ0NQay00emg2S1hXaGJWbFo2dzRwWTVyZw?oc=5
Issuer A,Loyalty / Program,2026-04-10,"Amex expands Platinum airfares, ends Lufthansa lounge access - The Points Guy",,The Points Guy,https://news.google.com/rss/articles/CBMilgFBVV95cUxOUzlzb3hyWVpNN0ZJYlFJSnpYZDVNWk5ybnR0VWtTa0p6cExhR3JoMDMxX1YyNkJCRUZwMjRfaWxkU2xwRFhZTk5kbUQyY2RvcEx4eDY5VV9rOWlMWElSYzJfUEhPYXlNTU5FOUFMdlhuRVQ2RGFOd200REJCb0k3ZmVxcVRmeGJFY1hPbzlxZG5ZYjdXVkE?oc=5
Issuer A,Loyalty / Program,2026-04-14,Marriott Bonvoy Hotel Loyalty Program – Full Review - Upgraded Points,,Upgraded Points,https://news.google.com/rss/articles/CBMif0FVX3lxTE92RU9wRmtBa0J2eldmdERKdnNyaUV4dDh3R0w4dDJGczVYZWp3eXNWanRMWW9hRURYZFpwd2lqWFhqak1jbG5IYkRrbFNWNEZQZUQ1Xy1XVWV5U3hhQWZ4X3JmZkx0NVJaTmdDYko4dWQtdVlIOW5hdi1Xd2pMRWs?oc=5
Issuer A,Loyalty / Program,2026-04-16,Reward Ripoff: I Have 4 Million Amex Points. 5 Moves I’m Making Before They Lose More Value - Money Talks News,,Money Talks News,https://news.google.com/rss/articles/CBMiYkFVX3lxTE9zWnlwTEtjdzFBUW1scHlKTUIyN2g4d0lBSXVFaFI5SElrNXg5NC05ZmRmdjQzZ3dJOEpVM0tQTHdabmdnMm5JdWFKNDJBZVp3cVdMVFZPY3B0TzhoS2lOdHFB?oc=5
Issuer A,Loyalty / Program,2026-04-22,Bilt 2.0 revisited: Here's who the new cards are for — and who should pass - CNBC,,CNBC,https://news.google.com/rss/articles/CBMidkFVX3lxTFBRWWZiR0hXNTRGX3BSV3ZPYmEzNjU1ZlVjU2tLdHUyTWRaczNWa3dESjRqM25ZYllnOXNRQk1RV1dlSnVjYk5KaERraklId0FxUy1Wd29LTVU1WFhNbnY0R2tnVmZ1Vll2a3ByZnZVdnFRRHRhS1HSAXtBVV95cUxOaUJjM2t4SXhQZlY2ejR4ZFFZX2ExWDVJbXNxQTFVVE1ndVFqcmVwOGhvdVJncUpLNDAzTkNpQVlZZjhpUWJzZTBsdjlRRllRQ1VtWlRNdHVFUld2d3I0ZFJqVEN2ekd5QWNrVXd0Z19PUW9ra2Q5VVZOQTA?oc=5
Issuer A,Loyalty / Program,2026-04-26,"American Revamps Elite Status Qualification, Introduces Loyalty Points [Massive Changes!] - Upgraded Points",,Upgraded Points,https://news.google.com/rss/articles/CBMic0FVX3lxTE5tVmpnbXRlcjRTdG5aaDFKQWxuSlJmZGZPSzdhdWR1STIta0xSRU1tT20xVWtxYmZxRHpfeGVUUTR6aE1OR18tdENCRkowMnhRM1ZqU1NJNmo5T1pZbnBPbl9Uam9WaTRneXpCUDlhRjM4UDA?oc=5
Issuer A,Loyalty / Program,2026-04-27,Book now: Air Canada Aeroplan increasing many partner redemption rates from June 1 - The Points Guy,,The Points Guy,https://news.google.com/rss/articles/CBMigAFBVV95cUxPTTVqRlJtWGRWaWFtMGJ4bzJTYUg2VWJsWlNaSjBmemdlVlAyN0hJSlNzMGFaODRfRnZBLUVTOVZ1Z0NWWm5HdWlIb1dKVVJMWDZJWkhlbHRBSFVYZ0tKaWdBb2hDeFd1ME12ZHZGcGVmcUtaNEhsN25mTm9KUjBWSg?oc=5
Issuer A,Loyalty / Program,2026-04-27,Avoid airline change/cancellation fees on award tickets - The Points Guy,,The Points Guy,https://news.google.com/rss/articles/CBMihwFBVV95cUxQck5EclhteGZGWVZSZjRtbWl4TnhnMHlUdWFaUkJkOGVpTzJtVDJuX1NaM2kyNkN2V0NlekV1SHpPcjN0MmdEZVhfeXFzb3JfcDk4UUdzS19iWERFMmlzWllyTjdWX0ZjUzBKQTNNMjRtcXpRcWxjNFZBLVctRGRZMUxTMnU5Q1U?oc=5
Issuer A,Loyalty / Program,2026-04-28,The Best Amex Credit Cards of 2026 [Big Bonuses and Rewards] - Upgraded Points,,Upgraded Points,https://news.google.com/rss/articles/CBMiaEFVX3lxTE5OR0NzWVVfN0xIY2ZzTThNcXFwV3lua1doMWlkaFFXa0phZW15MWtmTXB5clZHbG5Jd0otcEkyUHZBQTBIS3lPcTlGOG9JWklENjlyaGprQ0pTWnU2TmFFQU92amkxZnVt?oc=5
Issuer A,Loyalty / Program,2026-04-29,Accor strengthens partnership with Amex - hotelmanagement.com.au,,hotelmanagement.com.au,https://news.google.com/rss/articles/CBMijwFBVV95cUxNNDY2eVdpblJPWnZQUVYwcG1GMUpmY2hUeUhYSDllUTc1Qy1kV2NGWlV6NWtKdmVSa3RrVWpXYnBtaVlUY2VxWlk5c0t2N3Y4Wkg0QlN1T215UDZtQ0NjaG5qT3FIYkgyNnE0UXRfQkx6Qk5VMWYxU1N1NmRsZzUxSk14Qmk1WXY1bnBnUmg5WQ?oc=5
Issuer A,Loyalty / Program,2026-04-29,"Amex MR To Air France-KLM Flying Blue Points-to-Miles Conversion Devalued By 38% On July 1, 2026 In Select Markets - LoyaltyLobby",,LoyaltyLobby,https://news.google.com/rss/articles/CBMi4wFBVV95cUxQQndtWEVsNWNhNUlXQVo5OGwxVVAyTGw4VUJHY1dfc2NKMW9SSUpMbkpSNDctYWh6VEhIQ1UtTDhPYTJ1WkNEbmFuZTJ6blhKX1pmS3JxYmFRN2RvYXdOY2FJN0NISVcwZF9WTzVyQ3pSVkRyRWNFcG9GQllYNGZvcUN4bkEyNmpINUVtMmE0dF9BdUFpdl9KMEV1YkFBQUhOOG5QVmV1X2JRRWhoMWFheUdVTVBiN19zalF0YXN5VEpiM1k4RDBPSjdGay02SFhYb0hwVFlXRHNDc0xsTnF0VXJuSQ?oc=5
Issuer A,Loyalty / Program,2026-04-30,"Amex Gold changes: Enhanced earning on Amex Travel hotels, new Hertz benefit and more - The Points Guy",,The Points Guy,https://news.google.com/rss/articles/CBMic0FVX3lxTE1Rcm1zcnR5UjNoTFFNdnNJVU84NDBRMXNYWC1BMGNuRWNFWDZQTXB0enA3eVpCMTFFWERDeWhONkZDYjJRc2ZUbTZMN2dTZmdvTEtjWF9BTmt1ZmEzODZDSzRSZXJqUkFubENTWTZTWXRsbEk?oc=5
Issuer A,Loyalty / Program,2026-04-30,Which Credit Card Rewards Can Be Used for Apple Purchases? - NerdWallet,,NerdWallet,https://news.google.com/rss/articles/CBMigAFBVV95cUxNc1hkaGtLZ1loMU4wZWd5RGNLUFlEM1dNOXFRZjZqbmtzR1lXcldYZC1TbE14R0J6UG1YcmNhQWxxNUJrQVRjSy1iT2ZjSlIxQ0luSVlQZGJ0UjEyclh5LUZKMGtIQnB3dUtRYmNFWldWTnBuWFUyRE93RlJqMnF3VA?oc=5
Issuer A,Loyalty / Program,2026-04-30,When Do Airlines Release Award Seat Availability? [30+ Airlines] - Upgraded Points,,Upgraded Points,https://news.google.com/rss/articles/CBMihwFBVV95cUxQS0RjZTViVHdVM1cwaWtvdmNGSFY0d3BDRGpOQ28wZk5rZW1YanFnQkJTOHVBN1JxUlFacDM0d0E5bkh4eHgyN1pMY0Rmc0pDekt1YkNWa1NjVjI3QTRzRUEzSDB2SXhING9JVHFNRlBYcGh2WjJOZXo2ak5CVTVtdzYxU2laM1U?oc=5
Issuer B,Company News,2026-04-01,CardCash partners with Capital One Shopping for Q2 distribution - Investing.com,,Investing.com,https://news.google.com/rss/articles/CBMivAFBVV95cUxOeEFLaVQxZ05wMVNyY3IteDA1YmlIbHZQTF94a1praUdUaTF6RERlOEtfcUZ0eUJINjZ4NXhmSVhwTjZVR19td2FKVG5FaVMzNmE2YVZwbkdZcWFkSFpCOUdvWWhKclV0Ylh4R2t4WlA5b3lLN09MMm9uZ2JWUE5aMmF6WUJORmRWc0ZyOHJRM25ZekY2N3VmLU5kZ2J2VDZHNUFwVFVGdVFjdWZ0NmZRWHgzNXdWdi1CWEIwUg?oc=5
Issuer B,Company News,2026-04-01,CardCash discount gift cards reach millions on Capital One Shopping - Stock Titan,,Stock Titan,https://news.google.com/rss/articles/CBMivwFBVV95cUxPcVR0ZDdFVm5DUWdPb20wd1VqXzBVWU9KRnVnRVYtNWxfS0FBNGdQaDJXYmtFZmNPRDNjN1h0MkJDY0ZmRF9IOGpqTXR5ampmRWttUF8wd3hnMTRLdkhqX1VnUjUxMkM3OE5hekVjdnpLYUlJYmlPVjVXRkI4d19kVlZtYS1nNlRJNWZpVlJDQTdLc3BjdDNrZF93YzZsNDJrZHNGMFdPUG1IamsxX3NHam8tVEJxR3NRZjE3SXlhZw?oc=5
Issuer B,Company News,2026-04-02,New 30% Capital One Transfer Bonus to Preferred Hotels I Prefer - Upgraded Points,,Upgraded Points,https://news.google.com/rss/articles/CBMid0FVX3lxTE91S2ZLNms3VVQydm80aTFrR08wR3Z2UzdQcDk2TXdCWkttM3VQaEJucWlrUTRwQlhNMEc0R0ZZcHB6b1RTMDRsV0JxRlF3LVZlQnNJVDFncUQ2YmRwcWJvY1dLWW1ENHNOWVlDNDAxZy1DX3I5MHhr?oc=5
Issuer B,Company News,2026-04-02,Chevrolet Stow Dealership Ron Marhofer Chevrolet Ends Payment Guessing Games with Real-Time Capital One Integration - USA Today,,USA Today,https://news.google.com/rss/articles/CBMi-wFBVV95cUxOb21kcGxfUUQ1NnVYb1JfMEdjb3RHN3hyTnhWeEJUYzVuTFkxc0lrb2hSTXU1dXVXXy1QN0ppN3ZkclJETzVNTzhZbnh2c0NKOTM3ZXZPM0tUMDZ0YkpYaTZQSHNEeTdnVENyM0lNRlFIMi1DdEYwdzJBYTQ0X2RCbEpfR09Gb0hRMHVPNWRmRERBbUlQdVc2VGc2VTU5N1I2X0J6Vk5KazJVTVJ3T25zMW5RbkswbXBXeG45Nk5SSGNGczUwMkVMM1hOa2JNWUJYQ2dueFVGRENNR2JkVzU2bHF0NDFJWnFpNUkwQmwwdVNoeGtpY3k3MGV5aw?oc=5
Issuer B,Company News,2026-04-06,UPDATE: Pistons Make Cade Cunningham Announcement Before Magic Game - heavy.com,,heavy.com,https://news.google.com/rss/articles/CBMikgFBVV95cUxNdURIVFI4ak92Q0djeXdYdkpPUl9DZ3E1c2x0bXROYVJNTkNrOUNkMWhGRTZHbWNuM2ZFaHZWejFvbVg5MjFFM0lJT05VR2tLV190b2JNS2Fsa3ZlelZkd0ZxcVQtd2hiVGl5NVNrT3JIbS1CenJMdjVFTHVjS2VDdnNkNWM4X0xSMW0teUR1T3VDUQ?oc=5
Issuer B,Company News,2026-04-06,Cleveland Cavaliers Make James Harden Announcement Before Grizzlies Game - heavy.com,,heavy.com,https://news.google.com/rss/articles/CBMingFBVV95cUxQZG11ZDBFT3BINnNRdlhGNU8zSk1nbnNDbXFIQ0NfbkRUUUh2ZnluRTJydElYVW5nb0pVcTJZWnlWemU3NFI5TDY1dGUzd05pMUoxMk42LW1lZ3lNQmxXM3k5dnVsZEJ6Y01EMWxtZTlEbjRIYVJhY0cxbmgzR0xOdHBzSVJGMmdHS1Y5bXJUUGJUeUFnMU00ZENJdVBGQQ?oc=5
Issuer B,Company News,2026-04-07,"Capital One completes $2.56 billion Brex acquisition, issues stock and awards RSUs - Investing.com",,Investing.com,https://news.google.com/rss/articles/CBMi0AFBVV95cUxNT3RrQThtLTdGeUZvN0hLaVRfVVV1Q0hjRzUzU0ExNVhPMXFlblB4dkZpS3VoVE05LTZjZWJMLU9ZY0dVUUROSGNHZG1DT19rT1EwMklIUmhtU2JrUU5HZUxmZjZ3YklJcHl0RE5aVmxKRTYwbVNJaXg3WThyVFpSeUE4Zzkyb2xFMTFPOGpaSVhSVzA5SWhCbFZHa3lCTXhjV2t5OVhXOW1IU3BOOGozcXhZRXpCQl9pTmVNREdpazVJLVo0NENsX1l0RUFrQ3Fx?oc=5
Issuer B,Company News,2026-04-07,Capital One Financial Corporation (COF) Completes Acquisition of Brex Inc. - GuruFocus,,GuruFocus,https://news.google.com/rss/articles/CBMivwFBVV95cUxPYU5aYmNiNFhvd2I1Z3M4b1pISFhDRUZMYUxyZUhRWGRsbEx4MHpqbkE3RXMwT1FqQ1Z2ZUNRQm5ldnZ3aUVrd0t4MVU2SERRbE1nM2FwUDFFdlNCVUVnZGRzMWNsU1pFX2pWSzFJQnlCMjBFTHBsQ1pTaHQ3UTFNQ3JieVRCOHp1amt5OVRpWXN6SDdIRldHbi1GRjZQN09LZUZtVGhxandFWFB5MDh6YTdBNmZPazY2MHI0Ujk3Zw?oc=5
Issuer B,Company News,2026-04-08,"Capital One pushes deeper into AI, business payments - American Banker",,American Banker,https://news.google.com/rss/articles/CBMihwFBVV95cUxNS29mbHU1SV91NUFzNFNpWHhBcGxJZUNHQ1BNZER2MzBDbjBRcFJqNHN5LTNxZVVlUVRjYXdkc3oteWlIT3JRRzJCLVlfc0VoTDF4YUUtZF9tTGJFakRkbk5uOU94NUNVeTBNNU4yTW1DWWYtcmd2M25XbE1CYXpuLXdwUkIxazA?oc=5
Issuer B,Company News,2026-04-08,"Capital One Acquires Brex, the Fintech Company, for $5.15B - Upgraded Points",,Upgraded Points,https://news.google.com/rss/articles/CBMiakFVX3lxTE5kMk0zcWFNOXBWVEd0QzdCNUlyWXlrbTJiSWxHTFo0ODkwWkhaMWR2bVNNM3EyMl9QVlZvTExWbmN6dE9UeVVCUDFtZTIwNDJFZVNIQ0pCUEdLSjBYQldaa25kLTEzaWNTMGc?oc=5
Issuer B,Company News,2026-04-08,Capital One Financial (COF) Receives a Buy from Goldman Sachs - The Globe and Mail,,The Globe and Mail,https://news.google.com/rss/articles/CBMi2wFBVV95cUxQNV90QjVRdlVkT2ZBQ0syc0xYdnJtUEVVSkFqNEVIZmgxR0hjUld6dUh5V1ZSc3F0cUNFSHBrQjBzZ3dfQnVnT0xZaW1vazlab2ViTHhiMVVqTWtjbTdFU0FwNkphcEM5S3NncndnOFBPdEpBMW9VMlpTZ0lpWVpiUlVxNWlWZ01nMEhqRTJRN2xGRkpRVkVlcU85YlF1RXhXTUpzODVIdGVRWTRFZHBjVzBfV1EwUFFtVzhkM1hPajd4Z1RCUG93cVZSWlNLZTdxRHBZUTA4T1phWG8?oc=5
Issuer B,Company News,2026-04-08,"Ovechkin may be wrapping up career with Capitals, Gulitti says - NHL.com",,NHL.com,https://news.google.com/rss/articles/CBMipwFBVV95cUxNMWpFdFREOGxYaGJLTXRESGNxLTNaN3pROGJtb3pJU0tWYnR3T2x5TldlNGZLb1VDaUtKUXA2RFUyOUIyVTJwclRiTWlyRnNhS2VRN2l0MEsyY2w4WHhtUnUtaUNUZUJBSXVTYTJjdEo3UUNGOW55VjVPX3dDdkZrWUVvUEQzZUVobk1LVGEzd29uZG1DUjRNbVRFQi0yaW54a3ZLRmZ0aw?oc=5
Issuer B,Company News,2026-04-09,Capital One Financial raised to Buy-equivalent at J.P. Morgan amid expected acquisition synergies (COF:NYSE) - Seeking Alpha,,Seeking Alpha,https://news.google.com/rss/articles/CBMizgFBVV95cUxQQTQ4ZGI4ZFZHUDJVaktSajNyalhXZGp5cWdMQkRhOVowb2ZZcEFJQVd5MThhT283Wlo1QllORUR2ZEkwY3ZiU0tWQWpqTDA4cGl1SUE3YWJabERFMkFLZ09ZTGhXVmZuTFdYYXdIdEhJZFVQZmxMdnJlOTV6ZWpGSGl3RkRZeEVIanBEcVRtOUdtekJ4b0U2WDQzUmR5NVNidVc2QThISkc5amw1eWNIQWtuN2xJUkRUNmtZWFNWTzFnUVhxaVpIUzM4UWdtZw?oc=5
Issuer B,Company News,2026-04-09,"Capital One Completes Brex Buyout, Boosts Digital Payments Strategy - Yahoo Finance",,Yahoo Finance,https://news.google.com/rss/articles/CBMinwFBVV95cUxOcUQ5dWI0UkVXM01UeDBTUVFFampXN0t4a05iYVM3YU1aXzlCV25PX2U0bHpQOXhqTHd6YnJYVG5KYU9wWFpuWmYzbVVnM0Q0cFNZQWtLbnRuRTlUSlZkQ2RXUDV4VExObExpaEtGWGtQYkZDYUdNYl9tdmxhZGhoNktWOEFQeWNwZExaYkwyVXZoUEZYcFZjREktcWxOLUk?oc=5
Issuer B,Company News,2026-04-09,List of 25 Acquisitions by Capital One (Apr 2026) - Tracxn,,Tracxn,https://news.google.com/rss/articles/CBMiqwFBVV95cUxPc2wtMFJ1X0NpcDJpeFozZXhPMmtUT2dVVEoxaGdXQ0c5ZlI2Z0pyTUk3a1AxZllEcGFLb0QtNkE1RG11anpEWUZUbmZaUFhKRThwX3oybVRtdXRPcnBiUEU3S29xUE9kczdveEh2Q3k4Vlh5U0M2cVJQZzA5dXNtMGowMUZ0Z2Z4QmFyRXQ0Qm9oV1BDU2l4cU1ZUnZGTnBPd0stbHdLYmg3YjQ?oc=5
Issuer B,Company News,2026-04-09,AEVEX Corp. Launches Initial Public Offering - citybiz,,citybiz,https://news.google.com/rss/articles/CBMiigFBVV95cUxNUXIxZF94MEkxMmpiNlFUa215TlMxZ1NoUFlkNmVZcFZ4ZEJ2RmNKQ1Q3R3cwR1h1RVNSSTdRMWNhUkN0RjRkTUc3NnJBY3luYlpIZ2xhbV9LR2E4aFhLWlRQcW9TMlVKMTZpUUdYUTRiVl84UERNVmkzUVlLaTdsaHNpQXloQlRoZ3c?oc=5
Issuer B,Company News,2026-04-10,Capital One Completes Brex Deal To Deepen AI Driven Business Banking - Yahoo Finance,,Yahoo Finance,https://news.google.com/rss/articles/CBMinAFBVV95cUxQaU9KUkhfZGxKV1NqUEdCSGQ2M1pfY1RJVlN6TWo4SEpHaW5kb2hXdWwxaHA3dV92UlNuOUs5amVEYWl2QjFWTy1hNzlpd3RWa0tXMTVfRWlzeS1kZEtKR2dTTjNZRGZVc0YwRVlrVnBhYzdJZk5pc0h5SkJXVmZIX0ZQb1VRckpaRnBWaDJJTUZMNXRKUmF3aVNEeVc?oc=5
Issuer B,Company News,2026-04-10,OKC Thunder Make Shai Gilgeous-Alexander Announcement Before Nuggets Game - heavy.com,,heavy.com,https://news.google.com/rss/articles/CBMimAFBVV95cUxNR0JMdTFLU281WXFUeGx0UHpfVU1JYkRFX3J2a0hsY0pXMlR1Z1pIRXJ0eWhGSXFaOHp4SGxNR19yYTRrN1Y4VFZmaDhoZTBfWExYdXk0TEQ0dk13b0JVVVNScC03aFprdjE1eGdjcDVubVRmZU9fUDVGR1R4UDBRY2FybEFEcXRic3Y5SUkwX09iSml0WC1FVg?oc=5
Issuer B,Company News,2026-04-10,Barron Trump has a new venture — with a South Florida man vibe - Miami Herald,,Miami Herald,https://news.google.com/rss/articles/CBMif0FVX3lxTE42WW8tT1FwcmEzaXRQbzZGR0MwS3BLZTdsQmlkUkhiSWNDeHJ6MlZDUldHX2EyUHpVVTVxemVqbkpaWG1mclJoUFZYbjVLX053elB3UXc1M0NUS1p6VUZXbFcxcjFoaGtOeFlmUWJZc09uYVkwU1F3aV9WbmxSSVHSAX9BVV95cUxNb0FGLVJvQk42T2VLR0Y2UVhUS3BYV2ZfeXZ1cmRtemc2Q1FGRFljUUY3OWpqZ2ZLUzNWbXFwWVo3VTJoaUQtN2JjVnVjOUdjZ3FfQjM0WU93bUtadVRMc0hVbURCQWZnaGRYYlVLQVc5SzUxMVhldXNlMFhXUTRJ?oc=5
Issuer B,Company News,2026-04-10,New Orleans Pelicans Make Zion Williamson Announcement Before Celtics Game - heavy.com,,heavy.com,https://news.google.com/rss/articles/CBMioAFBVV95cUxQM0NtckdPWDhOSm52X2VsYUR2blM2ZXpOSHk4WU54NGQyeEQ2OE5ydnRTbU5vNnJ1dU9VWWdEVGtnSlJyUzV5T2VybmFHdjVyNy1EZ1pNN09WejVBb3FnaEYxYk9JR01TbjBjTk9iaTY2SUFGbjZwOVF0T2toZHB4ZGVMUU13ZUxrNHlFYlF2bUp4VG9Fd3lIX2xhZTZoRUdz?oc=5
Issuer B,Company News,2026-04-11,Jim Cramer Recommends Capital One for “Broader Scale and a More Durable Credit Card Franchise” - Yahoo Finance,,Yahoo Finance,https://news.google.com/rss/articles/CBMinwFBVV95cUxNWVJKQUN4Uklfd21PTFNwcXVhdm10dHZLT2hFYTdMMGwyUVYtOTRkZm8tMzhFVTRLc2ROTGVjalByYjc4MDNiaVd1c0tNdmNrRzdYQ1lHbkdtQWdMc1czT0lCTE9tSGtYSHgzQUNGdW1scU1DRXppekFPMmdVVUdZOUNTNWVmbjUyNEJsMVEyWF9XOHg5SGpWRG9VNjNpNlU?oc=5
Issuer B,Company News,2026-04-11,Capital One: $5.15 Billion Acquisition Of Brex Completed To Expand AI-Native Business Payments Platform - Pulse 2.0,,Pulse 2.0,https://news.google.com/rss/articles/CBMivgFBVV95cUxNYjlyLTV4NU5TUUxSQ2NmMFotUlpKeWV4bVh3QWZpZ1dLRElqSmE4M1VWTHozdGdjRnNqUWxiS21lendBSGZTQ0lqdTJ4dEdGbU1WSWQyTnlMNU5OQ1ZGMXVIT1Z5RGJqSEEtUzRVSXI4dlpadFBrSlZUeG1uWXlaZTBGOGd1YWU3OUdhMG1KcnZOSllJeVdXR0VvaV81cGtGS29CS3prNzBGdXpVM09tclZYaGNWMnBHQ0IyeDhR0gHDAUFVX3lxTE43bmRFSk12VkZuMUFZOXQyak1xbTlrX1VSeUVZclJzMVFlUDdjVXZwZFVtckhDSU9qZXhSc1dyX1h6M2dEYm5FajBES3BaZHZ4Zk01OVlvb0lwRi1EN25LY193X3UyWkIyOFRhMXhRRGF6NmhCZEVkZjlPTmdnVkd2MDVQMUp3QUxrMVRDcHJ5SUFLaFpRRlRQMHhkbXd4b3E1ZGc4dF9pVXlmeXlmeHFqRHNXUzZtZUZRb3kwbi1pM0tXRQ?oc=5
Issuer B,Company News,2026-04-12,"Capital One: Discover Drag, Subprime Stress, Hold (NYSE:COF) - Seeking Alpha",,Seeking Alpha,https://news.google.com/rss/articles/CBMikAFBVV95cUxNdDlzTjBGYjRpdldzZUJENTlJV29lRUg0NGdDODB3bG91UnBYOEpKRXVhaVZEaG5nUDhtTGpIMk5WRmdmMkpRMHZScU9GZlM0NFlqR19ZUnhkd1hxRTZpYno3VFFKT0dxTkNHTmZJalphWFBiS3BoNjlTbDgzbF8ydlhjUWMxYnQ3S1ozZERaS1c?oc=5
Issuer B,Company News,2026-04-13,"Delta unveils new suite design, posh plane; plans upgrade for old, dated cabins - The Points Guy",,The Points Guy,https://news.google.com/rss/articles/CBMimwFBVV95cUxOTUlTeUxGa3llWDhsSFpCRFpMTno1OGdzM1FzS2tLZG5BMEJPT3Vpa0VJVGFBT1dZeTF5S3QzdnVrMTJWOTlEWFd1dVpHbGdGQTBkOGpqNFRHWGN3a3duQTNybUpZeXllajVLWVVkTC1EN1ktSV8zdUtGVXlyd2tTcVg0eTZOMUhoZmEyRGZTN0JGVkN0VGxUd3NNSQ?oc=5
Issuer B,Company News,2026-04-13,Capital One: A Payments Platform Hiding Inside A Bank Stock (NYSE:COF) - Seeking Alpha,,Seeking Alpha,https://news.google.com/rss/articles/CBMioAFBVV95cUxQR01JVEZHT2I5TFE3M0xRTTloZ04yaDZ0U3hWaldZbU85WVczdVM0UENiZW9iV1JCNnlDX214TGEyXzVwV0pUQUZOLVFnVHRhVlVrbU1QbkZZc3J2ZHBYTF9lZWk1aGhkVkFLU1doM29MR0pXT2lKNFp1TnRONGs1VXRCaWhRUVJqMlRURU9PRmdBNzJBbVFFQXgwSDJENkZh?oc=5
Issuer B,Company News,2026-04-13,sombr Announces Dates For 2026 North American You Are the Reason Fall Arena Tour - Billboard,,Billboard,https://news.google.com/rss/articles/CBMimwFBVV95cUxNOGkyUlEzOHR2dXpMckFmbWJNaGExcVAzTlByNV8wamJzajhqX2RPcm9XaW51Y2FxbC1XYkt6cUpyQjBjNVNCY1FMZ1RnMEZTV2VucnExOE1aU3ltN09meWFiVHVOSzNTYmhLVHhqb1d1R2Vzd2dZUlMyYnJDV2gwTy12dTY2Q1hTUXNOYVNJVXVTeHkyUm52aGYwZw?oc=5
Issuer B,Company News,2026-04-14,"Capital One closes Spark Miles, launches Venture Business - The Points Guy",,The Points Guy,https://news.google.com/rss/articles/CBMie0FVX3lxTE5LZFcwUC1saTRpMTIzRlo5d1hSbTBWOEpISmllRV9DN3l2WC1Yc3lSOWZ4T2luMjVwWmU0UVlVNFZWUFl2WDgtVG5TenVlSWtzaFVjVDRiS2FmUl80eXhZRUtXcldBb1dfZFAyVVR4WnZETkplUF9GcWdzWQ?oc=5
Issuer B,Company News,2026-04-14,Current Capital One Venture Business welcome bonus offer - The Points Guy,,The Points Guy,https://news.google.com/rss/articles/CBMiiAFBVV95cUxOUHg2QjNSSmhuUUZ5bnlNNmZyTVVzU1Uwc2lOSUgtZWVZZjF6LTdwNE1pT1BwSDV0OVkzVWpUWUJWa2pPMkgxTU9TRU40MXc4TDFobkM0Qll4cjJKZ29WT2VPekVyelNxcllmbFpWRVhUYW9pcnExdmxPQ05kQld5blE0Ync3Yzhn?oc=5
Issuer B,Company News,2026-04-14,"Capital One Dining Launches Bordeaux, Murder Mystery Events - Upgraded Points",,Upgraded Points,https://news.google.com/rss/articles/CBMie0FVX3lxTE9TbGx2d3pvak9LSWxBX0Z2eklYeWJMWkhtSmZVTnlKdWZNY2ZoZE1NVmlGRGF5NDNlSUctTk9DZGhkb0lBakZkR2lsY3dNYmdxMWQ2TXcyWkZrQmpYZXFwaUEzOFpWNGY0Q1ZaemE1RXBoeDNvdFdfT2ZXVQ?oc=5
Issuer B,Company News,2026-04-14,Capital One Spark Miles for Business: Simple rewards for business owners - Yahoo Finance,,Yahoo Finance,https://news.google.com/rss/articles/CBMivgFBVV95cUxNY0FZSDFWUG0wSWhLbDlXRktGc2tJbWM1aUpYTkJjYUVuUnhOX3FFQTJxY1BlWjV5TnhKYVVLOEROQW9rMS1KMjNtbmpvc1NWVGIxMzh6TzJkdXpLY2hLeDN3NWIzRU5qLWtqZng3WFJMdXNMaGNqTkxFUm9zT1hndmplM3EwVHdBTGcwTmtUMUdCZEhfNEVDOGMzUVVlczNJUG5IcXgyX3VrdklGcDhoY2JFWlZfWkhzeEktOG13?oc=5
Issuer B,Company News,2026-04-14,Capital One introduces Venture Business and VentureOne Business cards - MSN,,MSN,https://news.google.com/rss/articles/CBMi4wFBVV95cUxNYy1vWU1KWVhmUlhqSXNxd00teGhxVDNDLVNLQTJfUHJUUmlLamcwd2hmRzZuQUp5c1dZelhyS0g0UGxnUFZ3VlBXcWF5VnE0UzZSek1JVm1UWVlHN0ZmLUpxaGJtajlIbEllejJTYndabllSaHJ3eDM2LURoS1I4VV9TVlhYSklNNDBDWDY4V0dWV1pEOGs2eUVzU0pJMWZza2NzbWM4TTlqaE9nMi1EMF9kbE1ycXVlOFQ5bUlXLTVkU2ZpVnhUbUh0TTA2SENOY3hTeFEwNHh2S2pNVXdaNXNaUQ?oc=5
Issuer B,Company News,2026-04-14,CFP Unveils Refreshed Brand Identity and Logo System - College Football Playoff - Official Athletics Website,,College Football Playoff - Official Athletics Website,https://news.google.com/rss/articles/CBMibEFVX3lxTFBzSFRFOWlWUXVWNDJ5d2paaG1aWXptMGJ6cFVFaG8yZm4wdUJQVXk5MGFMUXQ5VC05UjVQVjZnODFKQ0ZQRXpiTmxPM0M5YnI2Z0puWnIxS2EzZE9pNXI5d1lvR29rUk1CZ1BpLQ?oc=5
Issuer B,Company News,2026-04-14,BlueFive Capital makes Board appointments at BlueFive Leasing - ZAWYA,,ZAWYA,https://news.google.com/rss/articles/CBMixwFBVV95cUxNcnZuRGZpLXVzNDF2VnpHTHBFUl9sNlZNdzlfRHZOQ1V3TWdCMkdVUkVGS3FGeDFvR0t4NmdGRE9VbU1VbEYwWmVHM2MtTHFWX2NaYTJyNGJxQmg5TWhSQzlNQ2ZuNWhSd2NWMXBiQVA5bEhiVjJqSE9Sb21RVTk1Xzh4RjBSUzc4TUtPcnNqMjViMGd2YWRXMFZ2SnVnX1NOV0kxVHZ0Nm9TajdZb19JSzdxZ2hPTzdVT0NNUXhTN2V6NGpTVFNF?oc=5
Issuer B,Company News,2026-04-15,"Capital One launches new Venture Business card with limited-time 150,000-mile welcome bonus - Yahoo Finance",,Yahoo Finance,https://news.google.com/rss/articles/CBMisAFBVV95cUxNUjUxQnVMQWFOUU4tZEZlVEM3WFEzaVdpa1dwZEdGTlVXcWJZV2g5WUtyZGFsRk1HcWYtVlpyeEJNU0VGTkt4Vmo0ZzlEczQwUjQ5SFpDbWZ2N3JiRjA5OG1mLWNHQ3dlN1JSMnVPYnJKYVM4VGxGZDhIbG1yV2VzUFVKZW5TY0ZjTFcxb1dkdDJsb1Rfb1FUUkJ3M3M1bjgxRlFMVWxyRXZlcmNscTZpRA?oc=5
Issuer B,Company News,2026-04-15,Capital One Philippines secures 2nd place as one of the country’s great places to work - LionhearTV,,LionhearTV,https://news.google.com/rss/articles/CBMivgFBVV95cUxPOXhSQTg5UFgyek5TOEs2UVJ6N25LaXFnd0IxRHJSRFh0bmpNNkpERnc0OXN5LWw1Z1NHOVdvWUtUSk1yYXFVVm85eE1aWlo3akRRZ2VtZTZRNXZCWHJuZGUxdEZJOUJ3bVMzYUZ3cTdOblZzRXBMUXBlNC1MQWlzNEEwUDhMOHF1YnlwT0RyZndSWXZ4cWJYb2hoelVFLW1NZ0lOUl9QYVhraHM4LVJQZThQTHMzaFh3NzZnNDRB?oc=5
Issuer B,Company News,2026-04-16,"Trae Young Family Foundation Announces $100,000 in Donations to DC Cap and DC Central Kitchen - NBA.com",,NBA.com,https://news.google.com/rss/articles/CBMifEFVX3lxTFBwZ2FfRC10NWlsSUU5Sm1xWTlVeDl5MU5EZVMwVi0zRGxEem9Va3BjNVowYllES1NyWWs2RERwTjBYU0lzMU1lMGVJc3Z5RDB0WTNvektuZHFqSEtFV25iU1ZFV1NtYm52QVBobUJvcFZDSS1lbExuX09lLWg?oc=5
Issuer B,Company News,2026-04-17,"Capital One Introduces Another ""Come Out Ahead"" Card with a Massive Early Spend Bonus - Eye of the Flyer",,Eye of the Flyer,https://news.google.com/rss/articles/CBMihwFBVV95cUxObGxCaGNnYUtyQnhtWXBZUzQ5WW96UXhIb0VFb2Nza2NzdzZFYy1IS3BHU2FJNEpXNDNNTzd4ekF6MUo0RDVxZmVHNEVPOV8zRmlRaWxMSG5Rd2N3QkRqeHV6dkFlVkdBeE1TUGJPYWNWcXN1eGFFSHJOZEhFczFWeWw1NnZnMjg?oc=5
Issuer B,Company News,2026-04-18,Capital One Introduces In-Store Offers for Cash-Back at Physical Retailers - Upgraded Points,,Upgraded Points,https://news.google.com/rss/articles/CBMibEFVX3lxTE41SDFWVmppNGRsTk4wRi1jNWdOdUkydHplY3lvREd6VS12d2lHTEhfWWRReVd1Q0RXMmlmdFgybWlfdjFzcXdaRzFqU3M1T0JncFRFSE1CR0lncm1ROUhVS0ZVNnZpaDJxNzlhNw?oc=5
Issuer B,Company News,2026-04-18,How The Investment Story For Capital One (COF) Is Shifting On Analyst Cuts And Brex Deal - Yahoo Finance,,Yahoo Finance,https://news.google.com/rss/articles/CBMingFBVV95cUxPc0djMEZRWEVzYnFfYzE2ZmMzVDJ4WmxsM3FEWDc2UWN3WlRqMkQtTVQ3VVFGZFNGeTFjMWN4blFpYWg3bW05VDJhU3JLcFVCX1NlVThEX0pwNUY1MFE1NmdDVTVBSHBpUU54bTR4bUwtTUZVR0lhdEIxRkFQbXJUWEtxU21sOEZIUm1kOWdKRkNUTzhBRGtOZGZHbVUtQQ?oc=5
Issuer B,Company News,2026-04-18,21-Year-Old Music Prodigy Sofia Isella Releases Bold New EP 'Something Is a Shell' and Launches Massive World Tour - That Eric Alper,,That Eric Alper,https://news.google.com/rss/articles/CBMi6gFBVV95cUxPS0pMdGlOTDZvVTRFcmVQYjVPV3lvZnIwNzIwZUFoTXJEWDEzR2FEajJBdno3ODhveUZWN0EzYkdmVDFiVVREX1ptWFR5clBLTmVjbHQyanZ1OW1nTmY5bW94eE5xeUgwRGhRcGNQRGdGTDNZZkJQUmFIUkxfS3IyOGVsQ3gwNDgtZzhWUlgwYVNKMGU2SlhmcDJQdTNYM2wzSUlBSURJSWVhY0xjWF9GRnJPVUlPQjFJcGRPVFZQMDFkSjNJOHJoeEo2UmFGZlRodWJSS3V5YVBwdm9QQXl6SUgxTnNtMFJFVnc?oc=5
Issuer B,Company News,2026-04-21,Capital One quarterly profit misses estimates as bad loan provisions rise - Reuters,,Reuters,https://news.google.com/rss/articles/CBMixAFBVV95cUxNRHdFNjVLLUFZNFN3d2R6MnBTTXhIekxyLVo0MjkyMmxaZmdIMEMwUXotMlE4LTVxWWtESEoxXy1jemhXeXJkSVQ0aG5JS2txOG94V3RobmRyc2xJUF9Uem1ORG0xVnRVWmw5NUtfcjFSN0VrZmxfeFVoMFcyRy01QlpCQVBhOVJ4VjFIQXZkdFhmMW5Sdk56UXJmWDFsRnA2dXVGVGNFXzQ4MkFJc0dWOFBNWmxRVTlybUNkdk91NldFdkNu?oc=5
Issuer B,Company News,2026-04-21,"Capital One Boosts Provision for Bad Loans, Misses Estimates - Bloomberg.com",,Bloomberg.com,https://news.google.com/rss/articles/CBMirwFBVV95cUxOQzlhY1dlLWtnb19CWlk2Z1o1ZUN1V2tvWTRma2lOTk1YSE9TQTdsTmw0RTVYazI1SzVudUIyQWd1WFBaTmRsd3hyZWZOaVI5VGN0VnpqbTA2UHltV3ZUY2RER3JCVER1dEhiMm4xa2pYWjZkUFdUWDkxTUQyY3lQbzVXT1QtN0tSeU5xRm1DbzM0OVBYUEMwQURtLTFyTExRYTlueFpRVjBqbDhnNXlr?oc=5
Issuer B,Company News,2026-04-21,Capital One shares tumble on earnings miss - CNBC,,CNBC,https://news.google.com/rss/articles/CBMijgFBVV95cUxPOEx1RFJSSWlWczRLSEtFb1RpZWd5N0w0QlJvdlFnR2pDQWRxdThlV0hQdzBoRGJ0Qkw4OFMtMU9kOW5aMTVBN0M5QzgxVlZjUGI1cVRWSE5ldE1aVTFEbzJrT0hIMTlXVXpublZjZVFwaURCNGN6UFZyTUN5ZXBwNGhxbHhfejRmWGVXeVNB?oc=5
Issuer B,Company News,2026-04-21,Here's what Cramer wants to see from Capital One when the bank reports tonight - CNBC,,CNBC,https://news.google.com/rss/articles/CBMitgFBVV95cUxQRmpOUFJvZFIyQ0JPUVhsdC1hc3NLTk9LczRfbXR0amJYYVNzRzNwUDVKc292dWtSY0RHVVNWQ2dLdWJ1ekVaYjg2ZkNCdW9uU0R0TndJQnVyRFk5aHhXSDZsN1czTjFUQU5DcENXS3hKTnhFa0RUY19aN095dnctdU9ZX1RaVFdSWFdmbFBsQ2d1MldXWVJ5UlBjWWdwVWpWdkZZeGJfZGp4eEpsRjJjN2xxR2VKUQ?oc=5
Issuer B,Company News,2026-04-21,"Stocks making the biggest moves after hours: Adobe, United Airlines, Capital One and more - CNBC",,CNBC,https://news.google.com/rss/articles/CBMimAFBVV95cUxNeEZkZTBCUnRqRFp3WmFWamgtZkktZkFvRm8zUGt6OWV1ajZfall0UkM0dnhQaXk0ZDZidmU0YkdrODhmUmZnTkoxQ0liS2VZYTc1WlJKamFobEhsTzgzb01RVml0WmhOeHdoeG9DVW94MHBXOEpVWHhpLS1SbUtYMUdmcXpVaUc3cThsY1ppVnJ4Z2xLMnE5cw?oc=5
Issuer B,Company News,2026-04-21,Capital One sees opportunities. Investors want guidance. - American Banker,,American Banker,https://news.google.com/rss/articles/CBMijgFBVV95cUxOUDM3SUJ2RTVyNTI1azhxZy1KT05Ub2JpT0tHM1JwSzFyR3ByYjFMUDNIc0JLc3FjR2F0ZlpWcTR5SHRMemk5WlpndEdNRTNGdlpJb25YR2hSTXBVeEpuV1o2WWdyLWJVWjFQR1JSMXdqdl9icUg0dE5vQTc5QkNuaG9IWWZUV3pPRndvSURn?oc=5
Issuer B,Company News,2026-04-21,"Capital One Reports First Quarter 2026 Net Income of $2.2 Billion, or $3.34 Per Share - Business Wire",,Business Wire,https://news.google.com/rss/articles/CBMi3gFBVV95cUxPUndnM0xXLW5FWHUxV0VodlNwQmFKa2thejdFazhtREdfZl94RkJJQ0RONDFlMGtXZjdOTURkcDJuVWZZX2s2ZzViZnIyX0NsSmZnS2otU2hZV3p3MTFQaTliTG9mUm91Ql9URWtEMlNaNVF1dlc5QVREWlVXdHFfcGZUalBuemd2S1U0R1liM1JYNVFLZFF3N0d6YnZvbkdDQ05jMy0zZXpCazhSVjVrM3JjQ3lITnJ4TDVmNm5fd1lmeGpibllpSFpjVWZKLW5xSXc3dWtiQ1RjUHlkVFE?oc=5
Issuer B,Company News,2026-04-21,Capital One Q1 earnings rise less than expected amid Discover integration (COF:NYSE) - Seeking Alpha,,Seeking Alpha,https://news.google.com/rss/articles/CBMisAFBVV95cUxNZ3V5WWl0VTdLMTVpVkhxZ1hUZEhSMFVsSkVRdHJyaG5yaEY1MjBzQ3VMQWlGTklsNlVJSy1qNlhxVVBWcGFZUVplOEJjTmlGWGRvMmlKNXpYbUpSZjZkN0V6M2JQNjNKdWpOU0lYM1hEcGhEMmtfcHQ1Qk1ScmZGdHd0Nk1LZnZ5Y0kwYmdzYWR4ejEzUG50cHVsd3JuLXl3c2VmM0JyOWN4T0ZnZkx0ZA?oc=5
Issuer B,Company News,2026-04-21,Here's What Key Metrics Tell Us About Capital One (COF) Q1 Earnings - Yahoo Finance,,Yahoo Finance,https://news.google.com/rss/articles/CBMilAFBVV95cUxQeWNMUWVhTUNCNWlMQ3F6SS1sNjMtM0tHaUFJbDBaMnBXRU9QUVRSUVU0bEpYcU56WDR3Sy05Q0dJTEVfZGZRcDVHV3RnSXBOMGRuTEVYODU3c1RxWW1hTlJlRGFUVmwtTzR3MDVRRnJKUm9OUk9CcW1reWJlNVg5Vmg1R1piSk5BckxMcmIyQmlYSzJ3?oc=5
Issuer B,Company News,2026-04-21,Capital One falls 6% after missing on both top- and bottom-line in Q1 - Investing.com,,Investing.com,https://news.google.com/rss/articles/CBMiuwFBVV95cUxNWTJZUEhjX2J3cVd5akxyc09MX1B2d3dHZjZuZVdZVWdjbWVVeVVxRVczSGZHRnAxTWxKT2FqTUtobU5RM1JVOEs4UXd3NVZ0UXRpZUw4b0hyeGJjRnR5RExOSzhZaGsyT0ZQU1J6UlpNN2tXU0dreDJIWE56VldRUjNNbFEzM2JjLTRUQW4xNUlnVDcxVUpiTkRKTk80ZExDcGhHOEJKY2tPUVhGSWJaX1JaVFZUVm5Xam53?oc=5
Issuer B,Company News,2026-04-21,Capital One’s Q1 Shifts Attention From Spending to Strategy - PYMNTS.com,,PYMNTS.com,https://news.google.com/rss/articles/CBMiogFBVV95cUxNM1gyalRmX0Z1aHpQVHlmUTlkZllGckxFeVhKZ0Z0TmpDVXV1Q1VYOGJYenpVUWZ2MTNzWWdKbUt3UHRjZjdMVkRlWjJ3VHVLa3ZTeWJ0Q1UzaHg2STdYVjN3c0JlQVZlR1ZvWDZwcU5FZHk4dlNLZlZURnV6NXZOSHdFNFVHQzFyMXBhRHJVRkZDNTFhcDNKdlp5b1Vrc0lhMWc?oc=5
Issuer B,Company News,2026-04-21,Capital One (NYSE:COF) Misses Q1 CY2026 Sales Expectations - StockStory,,StockStory,https://news.google.com/rss/articles/CBMisAFBVV95cUxNcWkxUUNyNVdIYU5BNmdJeFdZbGJTN0hhcEJCSXNsYWFzVW8wM2xwVnBvcUVUc3Zvd25kZmdFekZhQ2N4b01PUEdEM1pUS1dkQzc1QjRRMDdSNVdiVWtvaHUzNFBlRThMVHNDQ2tUamNZYS1pMnkzRkFuNjFwNE05Ujk1SUhYdWNxdHVuNFcya0RhbkNpa2tkVmNpSEdidWlMVlFUSkMxbjM5am1OTmxNbQ?oc=5
Issuer B,Company News,2026-04-21,Capital One slides as Q1 results miss expectations and credit-cost focus returns | COF Stock News - Quiver Quantitative,,Quiver Quantitative,https://news.google.com/rss/articles/CBMiswFBVV95cUxNT2QwY2NqMHJvU2JSUTJoV3BoVkM0V2w1a1pIY2R6M1EyWUw3R0JmaXJORmw1YlhqbFVzY2w2RmxWQXJSVkFKMmVHMW10MEhpMEhBUUc1VTZZSFE2WHFZU2Y4TU9hNW9TRllPcWNvTFduX0RQNzREUWNUZS10d3RSUndrUThpUlR0aGJ1U2dzTGY4eE02ZS1Fdl95c0pJX1h2eGFaQm9QMmFIaUhxOFZXUEZfQQ?oc=5
Issuer B,Company News,2026-04-21,CAPITAL ONE FINANCIAL ($COF) Releases Q1 2026 Earnings - Quiver Quantitative,,Quiver Quantitative,https://news.google.com/rss/articles/CBMimAFBVV95cUxQZnlVQzVfQVFSWG9sMnBhMVBNYUIxa0hzOTlCU21sQV9aRXFrei1FWGhGUGJFdjlzZm5TbVhrdEhjOHVhdWotVHNjSE5WZWNUWnlhZ1VBQ0xLZ2xFTDNnTkFNRS1TbksxZFJSd2RMTlBZdFlZM0ktNG1veFRGMTJCLWVLRXJ0OEdxZ2VBeWpFTlQ2VkNPM0RoVQ?oc=5
Issuer B,Company News,2026-04-21,"Capital One Financial reported a net profit of $22 billion for the first quarter of 2026, with adjusted earnings per share of $4.42. - 富途牛牛",,富途牛牛,https://news.google.com/rss/articles/CBMinwFBVV95cUxQOHpYbVRXTUw0ZmhqT1B3a0Zsa2RxR1lScmJXNTFWdnV3MHFxdHZfWUFkbGZ4Y19wbEZ1R2tyNnFIOS1aeUsxX29QNzRNSVVBMmF3Yk13N0FPZDN5YXNmb2hESmRxR0ZiTlZuWDN4ZnNuZElzcVJCOXVqT0tqLXVvSkRJZWN2eDVTWE1Nem9mZDQtZWppdjdzN0M1dUdJLXM?oc=5
Issuer B,Company News,2026-04-21,Capital One Financial First-Quarter Revenue Rises - WSJ,,WSJ,https://news.google.com/rss/articles/CBMinAFBVV95cUxNYndHVDZMY2lKNmxXY2xBNlFHd2dFa0ZtdGVZUDBTY1lsdXB1UjZIVHFXUnlxOVBQai1xM0tZS2xMTVc0UnNyd1JlbXJSMTNWNGF2LVBYUkx3WVV3TkQ2Y3dPT29xd1B0by0tN1FuWmZxV2VONVU5S3lqX3prMG5KdU5nSUdKMkt6a2xZazkzR0FZdl9TVWhiNUxJSWU?oc=5
Issuer B,Company News,2026-04-21,Capital One (COF) Q1 Earnings and Revenues Miss Estimates - Yahoo Finance,,Yahoo Finance,https://news.google.com/rss/articles/CBMilwFBVV95cUxQbGkySVVPN1NreFhDRTFFTzVnaUotczJFclNxR3Q4czk4dk1aNno3czhnajJnMnd6cUFlc29HbHUyc2RjRzFod0JrQlFkTFM1c2xHdVlVWjVfUGw0YklsVk1CRE9MRjhrWlk3dklNTkpORS1xdWFNeWZMNTJFVVlkU08zWTJjMFQzOXhXS09aT2toQi1ENm8w?oc=5
Issuer B,Company News,2026-04-21,Major League Baseball and the Philadelphia Phillies unveil 2026 All-Star Week schedule continuing celebration of America’s Semiquincentennial - MLB.com,,MLB.com,https://news.google.com/rss/articles/CBMimAJBVV95cUxNcUNpUHZHeEdfQWZBajhSZzM1UV94aGRvSTNXZEc5cTJYU01SUmZlQi1qUzFfSGJRemg5Z3FGRGNDY2xtZ0xEVUVBckh2Yjk4N3hCOEllNlZUVmJjQkVZRmMycEhMR0dGZUpjMlZJUW84aHRWdzVIbTJRMzB5TDI1bV9BcURpNjJaMWZxNV9FU3BfajJRMFV2ZzE4dE1yYXFKdDVpaDRlTzdHOWREZXRvZjhrWElPMFFpVWs0TUhESUhoZ2lGdEVIQVVFQnhSbk1FY1dzTmdubXpNa05ENmVmQjBheUUzX282MGtJTnVYbmpmZWFXak5lNkhIUXZLbVE2NjV3Wnl2Vm5vNXdsd3pFVGsyeE1uZ1Rt0gGkAkFVX3lxTE5UT195bXFpZUtDdFM3MFBBUVZkMXN2cldRa2hvZTVUX1NFNE91Q2hjYS1BUnpwTGlOTkwzM295cTBDVW9pSFNDVVlQQVdBWm91Y3hTWTVER255SjhYM2FwNVRSUzRqNTl3TFFIQ1RteEZEdzFDdFdNY0hSRDRqSk9HTFQ2WDJBX29UME5YYzR1TGhHcjZuSVUzTGhSbVRPWERUbkhOTVFwYlg4WnVJUlR1NGdrSHhuQ21tdHdFNFhIcWxySG5VcjZ5eV9zT2p6bUNLOGYyNkxtbUZ3MUtWR2gwcXBleFFkLUdvV0JoZ29mVHF2V3ZSNkZvT3hkdUJvWGhiMWtXMXF0OWpRMkVBY1k0RjFsZ2IxeXlZTG15a291SGpTVFU?oc=5
Issuer B,Company News,2026-04-22,Capital One's 2026 First-Quarter Earnings Results Fell Short of Wall Street Estimates in 3 Different Ways. Is the Consumer Finally Showing Signs of Fatigue? - The Motley Fool,,The Motley Fool,https://news.google.com/rss/articles/CBMimAFBVV95cUxOYmFCVzRSd1dYNnlHSnI2Y2ZGSDA0bGxTYUxWNmlnVzh1ZzZMYjVHUW5zU2JobktoaEY1c1NuQ09iNzZPNkNXSk5MMHlDdnh5WlY0MzQxU2JxMG1MLWFNNmtoYTRHUFBQTmlwU3F0OUpoYnVOQjZJTDdlZVZXM05zbEtLMjRXMDdIWDA4WF9aQkhOVUVBcVppaw?oc=5
Issuer B,Company News,2026-04-22,Capital One increases provision for bad-debt expenses as earnings miss Wall Street consensus - MarketWatch,,MarketWatch,https://news.google.com/rss/articles/CBMi0AFBVV95cUxQdWE2TXI2NXJoOHhkM2lGRHU3ZFpMZmxYdEVRREhMbl82bXgySndLVzFfZG14UGZJU3NWSUtYOTlXU0lucmpnYmJSMG8tbDJkVEVoWDRjRlgzY3pkcmF2b2Y1SnZuOF9CTWtXVTNaSURfdW15clN2aEoyWm9WLWRtakQwb0pjOUVhVnlJeEhmTTNlQkZtNEpwSXg4dzNtMEZYcmNTQUpUSThlSGNkbnFEZUM4Um91a3RkTzJQWll2YWlZVGZwcV9WTS1HTUkwSzBv?oc=5
Issuer B,Company News,2026-04-22,Is Capital One Financial (COF) Still Attractive After Its Recent Share Price Pullback - Yahoo Finance,,Yahoo Finance,https://news.google.com/rss/articles/CBMinAFBVV95cUxPdWdsSGlJcUFHd2RxLTBPdjFKZVZ5UkFQNVBYcGt1YXdjdHpJMUtwUm4yWVJ3NHRzbVRBNW5Eang0bmIyOHJnemkwODRBeWdfNm9RZGYyMUcwcVpZQ0tkMWlLWmZtaGxoQkl2ZVBVbWRodW1YR0hIa25FOVdYelRLSnlIblMyanAzMU11a3JFWEJjTUUxR3Q3SmVKcFI?oc=5
Issuer B,Company News,2026-04-22,"COF Q1 Deep Dive: Discover Integration, Investment Priorities, and Credit Resilience - Yahoo Finance",,Yahoo Finance,https://news.google.com/rss/articles/CBMilAFBVV95cUxNb2x2bGVWSUxFYzF1ZkxBRzdFaGdZME5RZW1HVEZpTFBOMHpVODZsVlg0QmNiVkJQRHJHWnlyOXp2bkFJb3NidjhMd3R1OHlxQ18zY0g5aWc3eUFBZnEtc0RmbEdrZEpBUUVKYTB3b2pZVlBYV2lTR1ZRQlFLdllCZXBRakw4YXNNdXZqUF81b0lkZENi?oc=5
Issuer B,Company News,2026-04-22,"Capital One Closed Hopper Tech and Employee Deal in April, Focuses on Travel Expansion - Yahoo Finance",,Yahoo Finance,https://news.google.com/rss/articles/CBMimwFBVV95cUxNRGFhQUpOdURxX1lIRHlxUVFfLVhTdW5ZLU01VDI4WG5SdzN0STl5MEI5R3p2TUVhdjBUakF0cjVJVFdtOWhiRGNxQ3ZTZ1JUblhrcGlkWERtZGs4ZTFvcVNTbXhFTjZNeEhpanVpWjhxay1Ic0FwUDhhaVZEaTYtaTNSVzBZNlFDTTQwTmZsMTRTSFZid084Y01oTQ?oc=5
Issuer B,Company News,2026-04-22,Key Metrics To Track For Capital One After Its Q1 Earnings Miss - Trefis,,Trefis,https://news.google.com/rss/articles/CBMiwAFBVV95cUxPaEljUWFnVElfMHZEQ3QtMm1VRTlfS3RNY09MWFluSmVCTWx5cGstcm5DRm9wWlVyUGhDbEJaZG5Sc29EclFJTXJSQ1pGYmJXbXZ5YVRYUUkwMTRMWjRTY3V5cnRZREF4NmhMbF9FamdxQ2FNV3NXTU5jR2JMSEd3X19QQ1Zua0pCOURDaWRvLVdzSGVfRTU4QTRuQjkwUWU1a2V2eDluZUNjLVQtLUVRdElRZHBCY0dvUjY1T3owNWY?oc=5
Issuer B,Company News,2026-04-22,Capital One auto originations climb 20.9% - Auto Finance News,,Auto Finance News,https://news.google.com/rss/articles/CBMilgFBVV95cUxPZGpHV2dQRmFuRTBCMHVsWFdDTEQ5UU13N2tiUnR6cnlrd0NUNGowdl8weTBpSmlOcWY5U0Y5dGJQTjNDWjMzaFNXSlFjVTdnd2FTMUt2QTI4UWdkb1I4XzVwY2l6Y3dscTFnQXdYdzByVGVvNWhmNzR3VDNlbkRDSUpCYXNuWUZTWWtsNUF4V0hpQzUtRVE?oc=5
Issuer B,Company News,2026-04-22,"Capital One Q1 2026 Earnings Report: Profit Below Forecasts, Stock Down - News and Statistics - IndexBox",,IndexBox,https://news.google.com/rss/articles/CBMipAFBVV95cUxNeExwbGdRa1BicFV3dnAzVkpwY1c0RGZuT2FhUkkxU1g1OWI3NmZ1RnhnNUVERm1PLV9hSlk2Q2F6aW1jODNYMTZTNWp4YXdtOUFoaXltNS1sT2Mwem5FcV90RFB1X2VqWFNQMldIVzZHaDhfY1RJMHZ2SUVnM0gyODhVS2NxOVJyQ0R0LUJNaENSclJUclktYVFNb0syQ3UyeDRSZA?oc=5
Issuer B,Company News,2026-04-22,Capital One Targets $2.5B in Discover Synergies as Integration Advances - citybiz,,citybiz,https://news.google.com/rss/articles/CBMirgFBVV95cUxOVFZnZnJhZzZCenVyRjNnOXNSWkNRc0E0dmJwR3czWnZOb1daQ28wcW0tRVdQYjhGTGVXdXoyWmhVa05LcVZwZUFYM3VWTjEtUVVrRHBTcjluc1pkZFNwTHQtSEZOQUxsR0JETHFOaUlfYS1tcklHdDc4MkxwWHhac2k2TnNOVklXclRGdWVFTFhyV1lkdjlMeWc5Q0h6S2pueUZJc2VFSENMRXEzNFE?oc=5
Issuer B,Company News,2026-04-22,COF Capital One Financial Q1 2026 Earnings Recap - Meyka,,Meyka,https://news.google.com/rss/articles/CBMigwFBVV95cUxQNFR5ZGZoNFZpSTJBNWdaT0tJVG9NTV95dEZIaURGaGIycHc3WmtJNHZkaEc0WXlKajNDM3RqUzZseU9INFhNdURKNDZRUUJSeHJSSi1VNGhZUnhFR0FRanVRcG9uUlNROExZa1NicTVtOGdwaFFVbndJLTJ2aExYMUNuUQ?oc=5
Issuer B,Company News,2026-04-23,Capital One files resale prospectus for shares issued in Brex acquisition - Investing.com,,Investing.com,https://news.google.com/rss/articles/CBMiyAFBVV95cUxNVnV1RFZDMlZ4VXNsa3F1Wm9CM3N2bnlaSVNIQ3ZzQzN0UTRHcUNEVTRuVUZaY3k5Qm8tVUFkd2xfVElVbHJuSTFuSE84WFg2Qm5RbXdhUVptcWw1M2VSU0NUWWVpWVJ0MzR4ak1uZHEwV1Q5dS1mXzdrRWxiVFVhOFo3Mmw3aXdMXy1JTVc2Uy00ckg4SmcxR2pQclZsM3ZNc3VKUjhCczNpbFNDVVZhR1VWRUxiNGhnUDNOLUxXVDZnMWhaLXQ5dA?oc=5
Issuer B,Company News,2026-04-23,Axos Financial to acquire $3.2 billion in IRAs from Capital One - Investing.com,,Investing.com,https://news.google.com/rss/articles/CBMiuAFBVV95cUxNWWwxdnl6Z0N1X3lTRDJUZ1FIZVZMNnd6NmVlb05yMzJVSl8yc09KM3JIVWkwRUVTc1hvVDlmcExDNXBfbUpENUVIcGk3TlAxa2RFVkZGaHhkRmxrclpSWnFNVURaSUhOWE5QQ3Jod2taaFcwSkE0Q2ppbzIwVnJpV2JCQXl1MXpjanJYRWw5Y0VBaUtOT1hCWWhMSTJMSl93a0RURzJhN09jbE1maHhuX1lGQ2hvallI?oc=5
Issuer B,Company News,2026-04-23,Capital One Stock Drops After Q1 2026 Earnings Miss: Is COF a Buy Now? - TIKR.com,,TIKR.com,https://news.google.com/rss/articles/CBMimgFBVV95cUxQdUF1VjY1cnE1U0c0MUNnaHl3Z3hMVE5GYm9PSDE4aGtvMzBvWkQ5eTdYd3RwUHd5ZDRfNUFhR1JnLTlWM1Z4UjB0Y1ZLcS1LR19kZFlqSHZISFVIX09SaDdBZmZ1VnJNdU5zdEtHRXd4NkdPSUdmUXhvbEVmLUlHYTdhbFo1RDhXc24zTVlFaHA5VlozTlliN1pR?oc=5
Issuer B,Company News,2026-04-23,Capital One Financial (COF) Margin Compression Challenges Bullish High P/E Growth Narrative - simplywall.st,,simplywall.st,https://news.google.com/rss/articles/CBMi5gFBVV95cUxNcHF1YmEzOTNNU0lxU0dHdFBSSnNtVXZiV0U5X2VtNXhyTURycmRMVjRqZlZtdUZUNkN4bU1EaVZhXzBFcHoxVEoteU1HMFYySUpwYkh4Q1c0aERoN0p1VWJFRnh3LWNGUV83c2JoNVRabFB5NHlIM2xrWFN0eTdPSWNjTTJ0NFRKLUhnQXkwYlhhd2Q2X2ltU2JZNG94alNVN1BJdXYwcGw5djBMdVJqcFdkbnhyU2Y3MDNXUGJia3pZNTN4cDdsUTVyenVQaXBycGNOeTE4d1JqNWVlTWRTYmRfQ0lCQdIB6wFBVV95cUxPMGJTQWZBRWpfUFcyQnlzS0oxUWl0Vzhzd0pmVjkxYjdCOU5yQTkydW9KV3J3UzVqXy14SkRqYmlXM0xqdFpsampwV1BEVGZCOTNqQThPaFFhVWZrdkdVR3NuUV9GQXFvU0ZLdVZIbDJ3by1SUEg2OGlTTndiWWJrbEEyeS11U21ZNEhpbWx5NDd0akxWMlNrYmFNV1lqdVRqLVBjSWF2dnVhX1RUYzVzdG4xcFpvMTBaanBGYW1zN1lxV2c2VGRsdzM3LXBPNk9SWkxrbExoZUVUMkJQRWlaVFVfbEJBOGczUG1J?oc=5
Issuer B,Company News,2026-04-23,Higher payments to soon go out under new $425M Capital One settlement - NBC 5 Chicago,,NBC 5 Chicago,https://news.google.com/rss/articles/CBMiugFBVV95cUxNUVFORThmX2ZUMkhyWWdzUFRFelQtRlFrYVN4bzJvdFoydGY3dTEwLVNYVXdoSmUtZlBqX2laT09sdzRPb251Yk5ucTMzR1Bua00tdkNheS1kMnJoVDZiMnlGVnNNOFd1U1c4cG1UNTRLLWhNbGM1ZjR2NHRwRE9xSmdyYzRvWUZTT0tfYVc1WjNCUGd6Uk4ydDRnN2tySmtKaklUSWRnTUVobHVvczY1OWxlSnlpTjNwNnfSAcIBQVVfeXFMTkhwODlIQkVEMGU5LVZtd1VQaW14YlRYSUFqem54TGo0emduZU42ZFozdlVlZkhFOUhOd19MREk0andvUzdibFE1dFpOczBUZzE4NTYwM1Vzb1dBZlN1NzJ2ejBaSHgzUzdfeHJ0RkNmb3BKR0s3NzljQmNNVVdtX2FkQ2NFRVJ6M00tN2lGX2x3amltemRjeUNqLWQzV1JOYkh5MUlLckJXa1JpM3lGc3pBbHNzLXRZbm96Zm9QdE8wZFE?oc=5
Issuer B,Company News,2026-04-23,Capital One's $425 million savings account settlement gets final court approval - qz.com,,qz.com,https://news.google.com/rss/articles/CBMifkFVX3lxTE1lSm1iNl9zSXpoajdWeFpiYTRPSy16SEk4WVhLcHZoZEJCZTF0TTVVX25ucXE5R1o1TUMyeHZ4bVdlMVF6VHF2Zi1lYkJDTUpXcFgzOTRraU1JZE9SU05CTC1odFJaTm9OcmQ1Sm1xeTFFbDVoV0FyRHMtYjI2dw?oc=5
Issuer B,Company News,2026-04-23,Capital One is sending $425 million to customers - who's eligible for payment - Daily Express US,,Daily Express US,https://news.google.com/rss/articles/CBMimwFBVV95cUxNR0RRTkpJa1BDaWJoY29zYVE4Zl9xZUtXczk2alRwQkhiWnhLM3MycXU5VTRRLTVrSHZtby1QQVBsMnZfbjc3RGwyakJXbmgySG4yVTVXZFcyamZPeEtuZVl0THhaTmlYd1BYNzhIQ2hFY2g3U2NNOXB6bWdmTmhaZzVaUGFfNHk5MFk1MS1XTk1vaTdlZ1dsZFZvQdIBoAFBVV95cUxPU3NCNmtfREQ5U214V0hqSDFFWjNsbHFPX3FrLUZwN2RjYlJFWWhtOFk0RG9RNEpmYXppT0RQSjNtVTZwX3pJdHREZkJ3ZkRyTm9FeUFRWmFwNDVvbnRHc1dESFltRThNX3ZYYTBrMEprQ1hQd1l2dm5aT0lLbWVkSk1MOWpUaGxXWWxnX3g1dEN4N3MzU0J1UHI0T0Z2NlRr?oc=5
Issuer B,Company News,2026-04-24,What Capital One’s $425M Settlement Means for Customers Past and Present - Investopedia,,Investopedia,https://news.google.com/rss/articles/CBMisgFBVV95cUxOMVlYQk51eTBaVi1LVE9rb2tXSjRDc2x1X0pxRFdoWGZYdnFJMUFtMDhrZ1YzQW9lQmRidmRQdWFCc2JPY01HdTdYLUc5NHRrV1BCUUJPSHAxYVhlX0V6ZHo2c0FqeE52OUppTDZpVTF6eEVRdEl6Q2o3MmVtVE1NMEUycFRoX1g4cDZaYVo0UEp4dEFhN05ocmxUY0lLQjBqZFVDX0xfVGFYcUgzcEJIcVJn?oc=5
Issuer B,Company News,2026-04-24,Judge approves $425M Capital One settlement - Virginia Business,,Virginia Business,https://news.google.com/rss/articles/CBMifEFVX3lxTE5yc2puN0hyUldHZ2JmVk1acjY4d0d6WkFuWFFVWDZrOVdDNEpZUkFMWXdUTkpqb3c2UnBWR3FfM3NrMWtFeHI4d2w2WHVCLWQxeU1kYTAxYVFOUy02aEQxODJqRnh6Y2VpMFFPcktQNXBia0pPdkQzRk9hRlQ?oc=5
Issuer B,Company News,2026-04-24,Wells Fargo Remains a Buy on Capital One Financial (COF) - The Globe and Mail,,The Globe and Mail,https://news.google.com/rss/articles/CBMi1AFBVV95cUxNU3hlN0tGUGNGTmY2N2tQejVMWWZlSW10dGFPZ2Nmd3BxS19UVWZMMVJWMmxQa05wY2tNU1ZYd2dBT2Y3QjBLb2FkRGpiX2ZiOG5ERnBwZXJnMTZzdWVWeDVjLUt1Z0pQRHhubm1wb1p2U0dxRGtWZ1ZtN1c4N1ZMcUNKaVlDa3h4d3lHNzhJYzlmblRjN00yS09rbk5kQkNSWklQa3VhVUJtWEpPMjB1UUFSNTVoQ3QzLXpzN2pJUkVOU2F3VGZiaC1OTmdLbmpEWWl3Rw?oc=5
Issuer B,Company News,2026-04-24,Michigan Capital One customers may get money in lawsuit settlement - Detroit Free Press,,Detroit Free Press,https://news.google.com/rss/articles/CBMixwFBVV95cUxNQ09aUWlLSTkzRXFLWmdHV2VIT0N0alpaaXhIZE5uc3JUMjFQbGEzLVJTOG1YZlVOSVlxMFhqRDFpSndOekIyZi1qRWxLNE1nQnpZQjhtR2hZbXFJM3RDSGlnS2xMSVdvSVpuRkVST2dHangxcUp4V0REaG0wb1hYUGFwZUlYcWFQYUdlV2M5WGVncmVlUG1wWHp4eTVjUHBzNVBMaW5LU3YwSjZQRWRpcnQzVmEyZ3hkVVNFVmZXVmliYlFmazU4?oc=5
Issuer B,Company News,2026-04-24,Payments are coming in $425 million Capital One settlement - The Clarion-Ledger,,The Clarion-Ledger,https://news.google.com/rss/articles/CBMiwgFBVV95cUxQeDZsWFpIczNRRjdJSTVFeGgwSkhKYUZEcnY3VnVDRzg5T1JVclRDTkdEa29BOGl2TWJYdzRCMW5PblFDdWQ2N281bEw4czlrTmxWak93S21fWUVyMXBLLWp2ZnoyV2lLYV9HUlFxdGd1WUxITjdJcjhtajYyaEowRTI4cHV4RUQwbXVBX3Z4dTgtbWE0N3RXc3NubVNTMzIwZmNKTXgwRWNNOXc2b3Nsa3hTZTZSX1RFakRvcm1RSXVGZw?oc=5
Issuer B,Company News,2026-04-24,Capital One Finalizes Brex Acquisition and Share Resale - The Globe and Mail,,The Globe and Mail,https://news.google.com/rss/articles/CBMi0gFBVV95cUxOb3pNVHJwY0hOdEpKWlhHRjh6Yk1nWktIREc0WW9iZHNobmVBUVZKcTZwOXFRZHlGQU9yRTd2NHNZcy1FbHpuNEo2bWFUWWJTQXFJMHExMjZlck1VcHNRclZueUk3Qi1wdVhFVlR4Z1M1UU9vR2NVZ0VLYVQxYmNZZkI4d21NXy03eUJ3NDlTLXZkU2dfcUs5c2JmSV9UQTZMWGdFdnBGenYwZ2NHdlRMVlhfODZnaFBibWswUWRtaTdvTlpnV3BKa0s5WW11c3RNV1E?oc=5
Issuer B,Company News,2026-04-24,"6,000-acre innovation district launches in Manassas - Virginia Business",,Virginia Business,https://news.google.com/rss/articles/CBMiggFBVV95cUxOdjhkNmE1N21DNFBjTmh5RjRJaXE1VFpNV3pURXI4ZjMxVzdUbG1LLUpqUjdjQlRwNmFKY0hNclNFSGIxYjhLaFg0X3o2N2FLOTZNQWRRRk1iZ1ZrN1F4OFNTRGprQjIyTjhMV3E4N3o4dDFQSGlHTzBFaWtwNFRGanJR?oc=5
Issuer B,Company News,2026-04-26,ODAC Baseball Tournament Field Revealed - Old Dominion Athletic Conference,,Old Dominion Athletic Conference,https://news.google.com/rss/articles/CBMidkFVX3lxTE1sUkhXME5JRmhiNGE3LUl2Y3VRUC1mTmdSQnVDeEJzS3RXaXRwZEdqcnZNUFh4cGZBcm5zbEE2aWJDN1dxUjk3NHZpZXJEWnJsZkRMZW5oQmxqa1BUS0R0WUhQYzRSSEtRX0wzUFV5X04tcVhFeXc?oc=5
Issuer B,Company News,2026-04-27,Capital One Must Pay Out $425 Million in Class-Action Settlement. Here's Who's Eligible - money.com,,money.com,https://news.google.com/rss/articles/CBMiY0FVX3lxTE1TMnd3Rko1aE5GOVlpcmxtU1B1MnhSUV8wZW5Ecm1fcTZQUVZGZC0wOW5ZOG96QWpINlhxNmZZbE9CSm1EazV5UGg2ZUNKNXpfaXZBeWFuXy05bUtSQlFkcFpSSQ?oc=5
Issuer B,Company News,2026-04-27,Capital One $425M Settlement: Who Is Eligible for Payout? - Newsweek,,Newsweek,https://news.google.com/rss/articles/CBMikgFBVV95cUxQUDlXTWp1alhIOFNFNWZhSDd6R1ozaVNrREpKd0E1WWRteHRucF9WQ2NNbnp2UVJvNFRuc1hMOXhvdC1yNndkTnZYajlmWnoyQ0hUR3c4YjgwV2IwSEJOOUpVdkRzTmVvQWVSNG5zTkg3UWphZ21KbWhyS0Rfc2tTLVhIN2gxM3JQODhXNkc4WlRXQQ?oc=5
Issuer B,Company News,2026-04-27,Amazon launches AI Health Agent to help patients get the help they need - KTUL,,KTUL,https://news.google.com/rss/articles/CBMiswFBVV95cUxPSkluLXN3NjJ1X1J3cUROdTJIZEJ4Uk1UWDdjSlJYRlVyYjdQYlFpNUlzc1hVU3hzeThuUmY1Wk5jd1dKZkt5aVRGVG9aQzFuSElMTGJ3eExWOXlrSFZMM29HamJwUThoNkY1aGJKQjZYTDdfT1Z1XzdUUkpDNFJ6MzFGMmlNMnhWVEFhT2RhZTlscnhpM3VQdVRodkFfOFRCSzFhVEVPVnp1M0hZaW9wNHNQdw?oc=5
Issuer B,Company News,2026-04-28,Outside Days Unveils All-Star Festival Speaker Lineup - Business Wire,,Business Wire,https://news.google.com/rss/articles/CBMirwFBVV95cUxNNk80cnZvZVZ2MWZLN3N0dnllS2hiUXNGQjBCc09JQ3FhazI2QUVyeXdhbVFVSVhMNFVfOUNSdnltbVE0dmNmMXZXYmpUZFNLYnJYLWU1YlVoNlhHcEJUWEZIQktOVWlzdURHaS1HdjAta1ZYaHE3OExjOUVRQXdnTTd4SVc4dVlQX2Rmemc1enRsRWhDbzBXeGpucE5ha1dwd2xTd2F5aWYzdlZlYTdB?oc=5
Issuer B,Company News,2026-04-28,Attorney General Bonta Co-Leads Bipartisan Effort Urging Credit Card and Payment Processing Companies to Combat Illegal Sales of Tobacco and Nicotine Products - State of California - Department of Justice (.gov),,State of California - Department of Justice (.gov),https://news.google.com/rss/articles/CBMiuwFBVV95cUxOUzBCTFdpTHJtNmduYW5BdVJDYjNRN3VxWTFBZ0hCd3NKQTFxRDlmcEpMNFVoU1hpR3I3VFNSemtHR0VpZWRua0k1a0ZpVFpVdE9jTE1hNDBhS3RsQ1VjeENLUHpZNW9wcEVENWx1TW41eGF0NC1tdElHLUJBS1RfdTZhaVRNakNQc3VrSGdzYmhxTGpNeTdHUS1yaGhyd1Nkelgwb3RtT1hrc0lmS2RQZDJjUnlUdEpMWHRr?oc=5
Issuer B,Company News,2026-04-28,China Eastern Airlines Launches New Flights to One of the Most Liveable Cities in the World - Aviation A2Z,,Aviation A2Z,https://news.google.com/rss/articles/CBMioAFBVV95cUxPNXlfLWJJUk9RWmYxQUJtdnlVNUF0ZjV4ZjZKWlB0WkQ0MFRWX1NDQ21pTWo2enY4VC00aXUyMV9RWFhVUUtwMmZaNjRLV1owc1FnNGpkamZxQmdkR3B0SDZrbWdXSEctVWZpTTY2aUp3aU82UUo2RUtZYlFTM09JWWtHMHlaZHdldzBjZWxkeGVYeU9ZNnNkRWRQQ1M0blFk?oc=5
Issuer B,Company News,2026-04-29,Capital One City Parks Foundation Unveils SummerStage 2026 Season Lineup - BroadwayWorld,,BroadwayWorld,https://news.google.com/rss/articles/CBMiuwFBVV95cUxOVjBlUHo2VnQ3M2dwblJUcXFyYUVlSEZ0SGlZMnNwQmFpNlVmQi14LVpPVHhGdFladldhSFNiSmhhR3Q4QlpBbnZOWE5TamthRld0WDdqRlpzdjR0V0xvbXA4cFNWS3MxN2xSWlNUNFlFcm9heXAtb2Y4UkJwRExmUTlVelM1aHRwUUwybnNDT21ucnJOeVZGcHRJQjh3NzRMX2JTU3NpcHhLVjZfZndTSUJjRWwyQXFSSVdn?oc=5
Issuer B,Company News,2026-04-30,Capital One $425 million settlement approved for savings account holders - MSN,,MSN,https://news.google.com/rss/articles/CBMi8wFBVV95cUxNT3ZodHg1TlRvYUJWM0JBWmJCOUpxYVREQkpmbDRsYS1GeUZLZ3h5eXBsclc2X3FhWGtYbnNXbmxIT1pNM1pISFRJNzhLSkE1VkVKVzZ6Y3pObmdpaU5HYWgzMmFlZmpwNWZUZFkyNWdMRENINDktWVJmTGtaTmFldXhtSE5paEhQQmtoNlJYLXZrSXgyYWZUNEtDZDJfNURXMFJYend3ajZMYXpTNmNoZlRCbW1RYTl5NTJxdFdISTJ1M1ZqdHBXUUliVmt0WlRRN19DU3dQTzJ3X0NaTFEzVHl5S1VBcTV1Y2c4bFhQTEhfTDA?oc=5
Issuer B,Loyalty / Program,2026-04-01,Transfer Capital One Miles To Japan Airlines Mileage Bank With 30% Bonus - One Mile at a Time,,One Mile at a Time,https://news.google.com/rss/articles/CBMikgFBVV95cUxPZlQ1bkQ1ZW5DZVpQaFAzSXV1eVFYakphUDFneXlIbm15ak1nX3VjZ0NHMlA4QjBFTnhDVEU0UVBxNkFaOEtiNXhHWUtOT2h4LXp3alVRbHE5ZTNEcDRmejA0aTlwZGFyeDZ5WXVUdC0yM01fWnI0bnRhYXN4QXhJaUlOZl94TGZzcDd1S0hudjF4Zw?oc=5
Issuer B,Loyalty / Program,2026-04-09,(EXPIRED) Venture Rewards 75K welcome offer now also includes $250 Capital One Travel credit - Frequent Miler,,Frequent Miler,https://news.google.com/rss/articles/CBMirAFBVV95cUxPb2I1RF9rWTZhTHZPTk5SQ1g2c0wySkhEWWI1T0dCSWdqNmdjV1Q4b0cxd3psMU9iUENOSmVybE1YLVMxQzUxTVNEU3JKQ2NWVG01M21pa3VKRnkzUkFMaU5ZVDJsc1lvOUJFc0l6QXkybDlIb0xjRXlrRkNFcDdzYXk4X2FkOEhWTHBUc0pudnl4Q2M3YUhjQ1kxRUVBTVhYMHBxNy1PWGUzMHN4?oc=5
Issuer B,Loyalty / Program,2026-04-13,Act fast: Get up to 50% more from Citi point transfers to hotel partners before April 19 devaluation - The Points Guy,,The Points Guy,https://news.google.com/rss/articles/CBMiiwFBVV95cUxOYk9RcklNeDdBdnVNSUhyMWdpTHhZUTYxYU1LWFo2RWNtUk5tNHZQa1VSN3lYb3dQTUhvMVJrMGxFMkY1TnVvTUEwM2czM0hDOF9wbnA5Z2p4bExlai1laFFrMzNJVXRXS214eXFCQ19mSjc1ZVlSclVWZ1g0MDRsQmxCQndOcUIxaUk0?oc=5
Issuer B,Loyalty / Program,2026-04-14,Amex Reducing Points Transfer Rate to Cathay Pacific on March 1 - Upgraded Points,,Upgraded Points,https://news.google.com/rss/articles/CBMigAFBVV95cUxQME1waEg5eEVUdE4yYUVnRW9pU21XTWJtalMtaExiSGxBU3JfVVZ6cHFKQl95bzBkSnVOblNHcnRxUDZ6NkpWVE8xQ1JFSk80SWJVdm9MOHFVN0E3Q01DaGg0NlQwTWVtWnpiWk0tZjkwamRQXzBpZEc1WFlsaWtqZQ?oc=5
Issuer B,Loyalty / Program,2026-04-14,Capital One Venture Rewards Card: $750 Bonus Offer - Kiplinger,,Kiplinger,https://news.google.com/rss/articles/CBMipgFBVV95cUxQUW9XVUh0dHlaZVlkZURDWGduVWw4WUJGTGc5czhJZDNxWllEY3FIYXpNaUZ4YjdkM2lRbk5CRWtQQV9lRWxNd3Zxczh0YkFCTzM3SmtzSUhuQmU0MWJLbXdJVDFQTVFObWN6VEFBVzVfeU4wRVdIaHJJZ0dhMTJyY3RBZmFPSWkzY3FFWlZZN1Y2djU2MEpLWXNTNWNpTzk1LTZEZGFB?oc=5
Issuer B,Loyalty / Program,2026-04-16,Capital One Improves Transfer Rate to 1:1 for Nearly All Partners - Upgraded Points,,Upgraded Points,https://news.google.com/rss/articles/CBMidkFVX3lxTE9vS2Q2SFdzb2ZGdjJ4V3JPdGhsZ1BpRDZxNGRfOXpoQlY3aERSNFlnQTJEaWNjZ2x4M0hhbEZ5cFM2SUhJVWFNQzcyby1rX2d1Z2pYdl85NUhUaUdDS2tWU1VXaVV5S3VXZ2hpeFFYbHlld3laSXc?oc=5
Issuer B,Loyalty / Program,2026-04-18,Get 5K Bonus Points on Your First Capital One-JetBlue Transfer - Upgraded Points,,Upgraded Points,https://news.google.com/rss/articles/CBMiekFVX3lxTE9Ed283OC1ycjN1STB4WTB1bEhONHVSZFE1YXR1a3JleUVfSWE5OGJybHZmME1ldFZXZXJLS3VmaVRtdVJFbkVsNHBxX0JyY0M3c3doWWZiZE1lVE1LX1hDYVN2VTFNM3kxQ1RjQzlTem9xc0h6aWxydEFn?oc=5
Issuer B,Loyalty / Program,2026-04-23,Capital One Adds Yet Another Transfer Partner: Virgin Red [1:1 Ratio] - Upgraded Points,,Upgraded Points,https://news.google.com/rss/articles/CBMihwFBVV95cUxOS2FjWEJ6dW45eVAtZnhMb3M1bGo1VV9maml2bTJyN0paQTUyb2xSb3hLeUt4OEQ0SHotbDhkMmVUM1JSR3dkLVl0Rkk3MlNiYVlzZWE3X3NKMW1aNF9TNTFtMGZlZW9xa09vU2hRNHdJclBuS0Q0VmxoR0dTek9DT1N1aFdtWTg?oc=5
Issuer B,Loyalty / Program,2026-04-30,Why JAL Mileage Bank Is Capital One’s Best New Transfer Partner - Upgraded Points,,Upgraded Points,https://news.google.com/rss/articles/CBMieEFVX3lxTE5FYl9DRG5OYmpXUHN5TzR0Rkl0cm01S2JfWU5RdkNWNy1GaHJkTFJYZkVZNUhnVTRsM21KYm4wUVIydl95OHlwbmdGLU4zejNTWndETXItdUxoeldtdDV2anUyc0FXSXpyLXhFVjlWenNqZ01wcjdoZg?oc=5
Issuer C,Company News,2026-04-01,Visa launches new AI tools to manage the charge dispute process - CNBC,,CNBC,https://news.google.com/rss/articles/CBMieEFVX3lxTE5RR0pMVGhtRTUtNl9SQzhoazVUMEVDVmZ5UkJhNnJKQkFmV0Z6VDVhQ0tTOXZIRjRaSkM5N0E3U0pMcU4xcjNIXzhDMHFNQUw2ZlZXUVFxdjlMZkFCQjlYSS1tU3NtSUxpWEtla0RxSXgxUUx2UWM5TtIBfkFVX3lxTE9FMWlFbDlzZ202c1JzWnoyRTVqR002MWdYbTZqVDh1UHpHV0dIMmpjbXlQQzVVQXFmbUdqNS1OX1JFOWYta1k2WkRxMnNULXIyNTM2OFEzM2cxUHBRVG4yaHF2c1otLUVJTUhSQmYxc1JFMndPSUVoWGo5Nnl2dw?oc=5
Issuer C,Company News,2026-04-01,Will JPMorgan Chase & Co. (JPM) Beat Estimates Again in Its Next Earnings Report? - Yahoo Finance,,Yahoo Finance,https://news.google.com/rss/articles/CBMilgFBVV95cUxNSmIwMWtxNjJkZl95cy03cWh2Z2RNUnIyMWwtS3ItXy1fdzJzYzFPeUphZjJDNWc4Q3Y5WElpczJmMlRXdGtYZXVuXy0yYkZZQU1FXy05U3BEQ2pINU9zVHZGMnpMX21ZMkxDSXBvcHpGOHJtbWNhVGF4ZVRhUHQwTTB1U00zbWs2eThSN2ZtdG5veEFRS3c?oc=5
Issuer C,Company News,2026-04-01,JPMorgan Chase (JPM) Faces Challenging Backdrop Driving Large Withdrawals Across Industry - Yahoo Finance,,Yahoo Finance,https://news.google.com/rss/articles/CBMiowFBVV95cUxQNUFvVHgwSDBobEhRWExmQi05aFN6eUM2SHhQVjZUWHV5dDVYRlpEemxRYnBFVjVQY1VEZENLUXdCLXJQd3NuVF9xWmFjSVNJTmhnODdMckM1QzVnUDRMZG9KSVFfY0FLbEs5NTRCQngtVlhtRWw1MGVtdm54dU9ycEtzR3JOM1VLTjhSQmZrcU9YN0d4akhvNDhlVFQyN3p0UGhF?oc=5
Issuer C,Company News,2026-04-01,A Look At JPMorgan Chase’s American Dream Initiative And What It Could Mean For JPMorgan (JPM) Valuation - Yahoo Finance,,Yahoo Finance,https://news.google.com/rss/articles/CBMioAFBVV95cUxOTHR4MnkwcTNMaUsxaGdsOFhTU2J3S2o4a0RNQ2Q4aDJXNGh1QnlfX0N4cUg0bUFtMUZmaUtpaS0zTWxndHF6STBtNVZ6T0xRSm1sM3Zfbm44MVlhbk51RURZTlN2YlpzR2h3cVNnY1YtVEhrNWQxQlBDWU9YWUhwcUk1dFNjSHE3Z3JUZFhfdDNTb2J3YlhfUlV5aldlWDRG?oc=5
Issuer C,Company News,2026-04-01,JPMorgan Commits $80 Billion to Small Business Lending: Numbers Point to a $389 Bull Case - TIKR.com,,TIKR.com,https://news.google.com/rss/articles/CBMisgFBVV95cUxPR1BPWHJsTTFNTnF6bmdIa1pLcDJYYjljVjFteGFjTVk1NVd3OVI5Smczb2ZJZTBLMlNudlp1ZDFDemhybG9qMDFjTm1ZR2pmVXF5d1ZZeUE3VURMWlBTSlc1Z1dDTV9KbEZDdVVnRkE2QzJHNDFOcWdWSFkySWc3S3pHUlNGR1pTeW4wN0Q2OHF3LUlvRlJ5QTk4SW5FZWF5X29iZEZSQklFT3Y5R3drS0hB?oc=5
Issuer C,Company News,2026-04-02,United Airlines hikes checked bag fee by $10 as fuel prices continue to climb - CNBC,,CNBC,https://news.google.com/rss/articles/CBMimgFBVV95cUxQdHk3TjI2dlQ0RDhVekREaWxnblJPN2F1S2UyWE5tWHdLUFdKaUEtbWV1dU52UURHVENQWldQZXVKOXdvM0ZDUXhRQnBRN0RBUDZ3YzZUSDd4U1F0bHdNR0x1S2dkWDdwYVgzVklkSnpaUmtMRDZSUHU3Y1BuQndFLU9MN2pDc19IdUUwWG85eU0wWmlZYkZHWFhB0gGfAUFVX3lxTFBZUWtvMEYyS2VzYmFmVlROZWR3ZXVNWHg5MDl1cDdITFNmcHFyNVJXNGN2QVdOT2ViT20wVTJRODhNSWtrRzJubHZwUTdnc2dtVmk3ZGZjVGFVTlpadl9TQ1daR2paQnJWMHRud2N5RjV3bmlqeUpvUzJrSy1pOS0xME5VbzAzcE9LZ0hvYzlmc0NsSnA1ZndNWDd2aUNGZw?oc=5
Issuer C,Company News,2026-04-02,United's big MileagePlus changes now in effect - The Points Guy,,The Points Guy,https://news.google.com/rss/articles/CBMiigFBVV95cUxOX2dvSTFHNmtlLW5qU2lObVFSYlRzd3oxMlJlekI1aXVxRXZJNk1GVkNiaW5mdFlnTDExdXUxb3pvZ05zaW5LZjE2RTNFbExTNUx1OUl6QkVwLUktcmREYmZtY1EzWVBSSXUxVUx2M2RBN0JUb3ZKVHo0LWtPZ3Z1eW9WT1JjUENpZ0E?oc=5
Issuer C,Company News,2026-04-02,"Earn Delta SkyMiles Worth up to $1,200 Plus a Free Ticket - Kiplinger",,Kiplinger,https://news.google.com/rss/articles/CBMiekFVX3lxTE1IZFNCakNqMkRMcDJhS1VtRi05anB0blg1dmdQQUtieVJTTXNrN0tFd0M1Y0RUeXpjZmlSZWZYLVRNQTI3Slo4a0NkR3VPUV96Q3VrQzV5b21xdE5mX2tjaXd5XzYxTnFYYll4U0hXMTNReU84RkNQREVn?oc=5
Issuer C,Company News,2026-04-03,[Expired] New Chase Offers for up to 15% Cash-Back at Marriott Brands [Targeted] - Upgraded Points,,Upgraded Points,https://news.google.com/rss/articles/CBMiZEFVX3lxTE9Zbk90MEV5N1BHVGxUVlotQXVjYjd5R1B1S0syMm9kYUZOcm5rM2Q5YjByb19SaWpqSnJJSjEwUFVfc3VZYXhnQkJlMDd1dUFlSHRNb0ZTaWhJdG56dFhnOFI5Njc?oc=5
Issuer C,Company News,2026-04-03,"United Airlines Introduces Tiered Fare Categories in Premium Cabins, Hikes Baggage Fees - NTD News",,NTD News,https://news.google.com/rss/articles/CBMiuwFBVV95cUxNTlFXaDdVR3YzU0JNMXI4Z2NkaDN3bU9IcnEwal8zZV9Ga0xYTzYtRWVFT05mY2h6R1RrSU1MNzBTbUVFZWJVUTVfOHNLN1Y4RFBzdlhJY3dYMEpZeDBuT2lFS24tenp2dTFXRlhPMkRFd0l6QnNyWkhPRGtJN1gtcDdSRWhRU0dGWjZnam9FdWNfOUhod2FLbTdKMlE5Qk94LW03ZFFlcVd0d1ljVm1WV1d0VWJmeEE0a1Jj?oc=5
Issuer C,Company News,2026-04-04,The Amazon Prime Visa now comes with a welcome offer of a $150 gift card - CNN,,CNN,https://news.google.com/rss/articles/CBMihgFBVV95cUxOdzhuNWN4ampndW1iNlQ1MmNBengydGphVUV3dE9COVpEbXdLN0NENEtYdFFhWnJuNkRQcFo1YWMzdDNpM3YwZDdMU1duY0c2U3JUUGs4S0JINXJLOWJEb1prU2JjSy04cGItS1EtamlVamJ4ai13Zl91RTQ5VDdkakY0dzluZw?oc=5
Issuer C,Company News,2026-04-06,"Jamie Dimon's Letter to Shareholders, Annual Report 2025 - JPMorganChase",,JPMorganChase,https://news.google.com/rss/articles/CBMidEFVX3lxTFBNU2JDS3ZUbERWVWRxS19TdjRqYWdqN0lOOWJ0bnZFTmFDOUQtMm9OX0h6a0JtOGdXNi1CcjFTeW5pTWIwZkJYend3U3NzelV6cTBkSGtoQ00ybk1tak92WUZlS0FyN1FLZUxCYnRYUXhvV0Jf?oc=5
Issuer C,Company News,2026-04-06,"JPMorgan Chase CEO Jamie Dimon warns of business 'exodus' from NYC as Mamdani, lefty pols push for tax hikes - New York Post",,New York Post,https://news.google.com/rss/articles/CBMi3gFBVV95cUxOazNJOTdUa1JtLU1RVE5LcWRjdnFKNGRob0JRRDBneDA1RFV3WENwY2haS2FnN2h4RHRic1YxcmRseGY2QzVlc2lyVmY0TFNYWUJrZ3R0QjBzQ3dyckk1SkdmUEtaLWJUOGlQdUdoa1Aycl9nM1IxZ0RudFJPYWlySkNOUU1xNmIxd0hEYVFObFdpYUdTX2lNcndhNkEyVzlScWl5dFl1VUVfUFhKNnZrSExfZUktTUZWRkJrM3BuWWRqX1doMGRKUVg3RF94SGF4NzI3MmpnWU9vd1NLLWc?oc=5
Issuer C,Company News,2026-04-07,Analysts downgrade 2026 revenue forecast for U.S. airlines - Travel Weekly,,Travel Weekly,https://news.google.com/rss/articles/CBMirAFBVV95cUxOSUxHSVlfQWVYVmk2TVZrUF9ZeXFpQ3drdjZkN0NpTWdMaDhNLVVpck90VE4xcF83R3liVDhnd1dFZ05rTm0xT2NEdTZtSGM0S1FXUUl4SVFEdGFpc1hpam90STM0TUZqdDJOS1Fpdm5vZlZ2NkxGUXRLMGlmU1E2ajJBS09BbFNhamNBY3MxVjM1VERfd1RrLVMtMVlZa3B1LXh6dXViajh0R2NR?oc=5
Issuer C,Company News,2026-04-07,"JPMorgan Stock Fans, Mark Your Calendars for April 14 - Yahoo Finance",,Yahoo Finance,https://news.google.com/rss/articles/CBMioAFBVV95cUxPeU91cGVQSWNaU19VUUZ0MHlfSGJXd3BTWW9MQXNmWVNYdGl1Vjl0VXFJclR6OXh5TnBZLVhsVWp1OFRfeGdsNks3T3dLVXFQa3MxZlNIVDUtSjZxOFI2bzk0Rl9HR1lNaE5VUGxuTmdraHlKX0VpQUp4YzZJTGpYbEhvM3V6QUR4NVpFYl95RVJ1QWk0QW84bDNrbTNLQjZP?oc=5
Issuer C,Company News,2026-04-07,"Zacks Investment Ideas feature highlights: Bank of America, JPMorgan Chase, Citigroup, Morgan Stanley and NVDIA - Yahoo Finance",,Yahoo Finance,https://news.google.com/rss/articles/CBMiqgFBVV95cUxNbzZDci1mM2l1Wk5hcWw5RTJ1V1AyaTk2RDB0Q2dwbnNxb0xLZHRYMjZvbGpUbVZmUGkwaEYwMGpHVG1mYVJqWEdHYm5BVlN0VXlZNktZaUlUWm9QZHJwLTFvcDQ1Ukg2Q3hRRzFMQ0ZFOHRkMm5BVjdfRkluZU1tZXNLbTAxQy12d3dObWhkRlh0YjRyd013bjFMT1MzcUljeWR1d1ZMbnVuUQ?oc=5
Issuer C,Company News,2026-04-08,"US bank profits to rise on deals, but Iran war fuels outlook uncertainty - Reuters",,Reuters,https://news.google.com/rss/articles/CBMitAFBVV95cUxNeE96cldzVEJ3a0M1MVR3Zkt6TFVINS1FcFlHZkR2eW1ZcDFlUTVlMjJsbUFvRUx1MjJSZHp0TzJPNTJDTzFBNHV0dnNrUk1FRk15eTFlMDZGSFR6OU91SnVoQVlmRTU2aHp2OUk0dkl5eDl0aVZEamNvamJWX1p2NDBWcjRpTDhkbEVieFFRNWs0TzJiZVJKN2VQZl9qSDN2bnJudFNVSnpWblpOSTNULWwyR1Q?oc=5
Issuer C,Company News,2026-04-08,"Jamie Dimon warned high taxes would push business out of New York, but the city is honing its edge over Miami in attracting top talent, report finds - Fortune",,Fortune,https://news.google.com/rss/articles/CBMitwFBVV95cUxQamZwVm5EallKU1pfRjBoaC1yaVZXX21lR19YRmRpTXdHYmswLUcwMlIzc0dDdlRQX1VyQ0piMmx0eHhnMHF6QVFIaVl0SWNJYUFmWTNDUzQ0N0FIcm5qeW1nWG5zQlVlRTNYSW1OZzNKbTdLZFNId0NMdWhjR0o2UkQzQzN5RkdhMzEtUTZ3Q1ZtLV9EdjV2VGF6dzZUT3VXam9OUlYzRmhSdVZWc0pPdjZUMXNmeUU?oc=5
Issuer C,Company News,2026-04-09,JPMorgan Chase: Earnings Offer Catalyst Opportunity For Shares (NYSE:JPM) - Seeking Alpha,,Seeking Alpha,https://news.google.com/rss/articles/CBMipAFBVV95cUxOcGx3ZmdkZVVUS1JEU0FRUE5qczY2YW5fTFpDVTNOS1NaWDhsdDlKTDVRSXdnQmk4WXBqd1NhZDZDNE50Smd5VllxVE5rU3JPZk5DMVhxYnNuQ05vZXJPT3VpSFdkZWd6SzYtVnJVSkJiNTZqVUxkUEtUZGswVXJqUHo2MGExMHlxTl9jaHhXRWhDdm1wTUtUaE9UNzdiNDBSYW8zYw?oc=5
Issuer C,Company News,2026-04-09,JPMorgan Joins Project Glasswing To Tackle AI Cyber Risks And Resilience - Yahoo Finance,,Yahoo Finance,https://news.google.com/rss/articles/CBMirAFBVV95cUxONHZ1RmVETzdHWW1vbW9UZHN4bUFLWjRHejJoa2hzVElGZG5DcjhKOEh1c3pxQ0dsNTEzUW5ZR0xYalY5SDRCckJ5bkI4b3kwdmR3M0RyT1BlUGlaT0FZdG9RQWdkc09oQl9VMENfalJKbXlFNXFsSHkxSl9zbjlvaUNqeVcwcnphVTFWVUdjYlpfbDFTc1NDd0FVcE42WU9yR29XRndzQVhtaVAw?oc=5
Issuer C,Company News,2026-04-10,Credit cards that offer you a free checked bag - The Points Guy,,The Points Guy,https://news.google.com/rss/articles/CBMigwFBVV95cUxNMS1JaGNoQnkwYnBsdDBnYnhDWWJWdEJSXzlXWWNLNGNvekJfWEFGSFVtRnFLYVdQUmtFQm1Lb2JKYmJQNTIxcnNMUE5ua2Y2TTd5WWZLaWtjSU1tVUxDMWFJQlFPcDItbkduOHJCLVdpNC1YeVk1UExxcmZ6aEhPX1FTdw?oc=5
Issuer C,Company News,2026-04-11,"JPMorgan Chase CEO Jamie Dimon Just Issued a Warning to Wall Street. The Famed Banker Sees 3 Big Risks, and They Couldn't Be Any Clearer - The Motley Fool",,The Motley Fool,https://news.google.com/rss/articles/CBMikwFBVV95cUxQMXBkcnRRZ3VkcGstVzBmd0t2NXk1Z1BkaTF6ZzRpRHIxbEZyWEtScDdWNGxKZlU5VkpOZWg0T1Q1aWh0ZHl5dDNaQTM1VVlfd19adl9wWFg3YWJlelUyMFQwMWI1aFF4eE5TX0NfbTF2ZlpRVWpGN2hvNk9HcjdUUndZalJyb2JQTUpiX2pBc3NYV2M?oc=5
Issuer C,Company News,2026-04-12,Earnings playbook: JPMorgan Chase and Netflix kick off the reporting season - CNBC,,CNBC,https://news.google.com/rss/articles/CBMimAFBVV95cUxOYTBRMXE5d2w3b05QS0FqQXFlVXV5MHMxN0ZSVjJLVWdHLUNjdHRraERkSXFXX096eXR2T0tkQlNnVmV3bWlaLTF0b2l5TE1yb1BHUE9qTlg1LWlGOVNTUHhoQTJkbjIyWEM1S0FRaDRpVFZRS2MzX01MU0dEa1hnXzJmb21FMEFfNlllSG9zakM2bE5xTGFTcQ?oc=5
Issuer C,Company News,2026-04-12,JPMorgan and Other Banks Set to Report Earnings as ‘Wall of Worry’ Looms - Barron's,,Barron's,https://news.google.com/rss/articles/CBMijgFBVV95cUxPR1dFYWwyU0ZmeFNwcTVqZVpkZC1nejhCbGlKMUJaZXJFQ0s3ekdGV1dRQnJJNE41RXRwb3hVWXpBSU1sd0dYRWY4OG9VQ1RjbGhpVWR0UGRQdTJVVThSNFpaakJacXItdXFUbGdZMm5HWmtLcmRLckcwWThHTngyb0FWREVrRDZTY1BLLWFR?oc=5
Issuer C,Company News,2026-04-12,JPMorgan sues Aleph over Frank fraud fallout - CTech,,CTech,https://news.google.com/rss/articles/CBMiaEFVX3lxTE54MVFud3luZWludXMzX011cElRbnBfaTR6VGdyY3RHYzVwaDItY3Q2dXNtYlRMU0lDbV9TUzdKaHp0cVRfZ2FXdkdCNWp6ek1HWUFxZll0bE91T01tMEVKNk5UelZ5a2Fu?oc=5
Issuer C,Company News,2026-04-12,United Airlines braces travelers for a fare storm - thestreet.com,,thestreet.com,https://news.google.com/rss/articles/CBMijwFBVV95cUxPYnFsYkJiekczbjlyb2V1cTJwczVNRk5XYU5WNXUwT24zdkozT3o0Rk1jMUFLRkZ3VnpSalJvSHE2bERINzhIc015T1lJbEw2ZXZ1QlJyZkpRM1k2M2VXMmZBR1hqcWt0YU9CWUxvVjVPSjRsaFBFVE5pUnJEYnpoMzMybDFteHctRzhXVVlpUQ?oc=5
Issuer C,Company News,2026-04-13,JPMorgan posts record revenue of US$11.6 bil in 1Q - Yahoo Finance Singapore,,Yahoo Finance Singapore,https://news.google.com/rss/articles/CBMiiAFBVV95cUxPY3IybDIybTJhd3JqTEVYclV1VXc1b194bXppVU5MS2o2dm5UZTI3bDZxUXg3eDZONDhQcnFsSFBqVEprdU96Z0YwUlp6QjlLZ05DR3podERjdXVwZlVlSVIxbEI0dE1iMlNfWUpmY21HMDUzQ1lDSUdPRVk5c052QzhKaEZXa2l4?oc=5
Issuer C,Company News,2026-04-13,"Bank Earnings: Goldman Sachs Sets the Tone, But Can JPM and Others Surprise? - tastylive",,tastylive,https://news.google.com/rss/articles/CBMiswFBVV95cUxQY3R0RDA4RW0weUdlVHByQmhsYU1CQWJ6SjlQNEJCcjUzV28wVmZTcm9JME9rUFI3WVJ5RGR6ME12SkRjcGpSQ3BRYzZzVy04Tm1wYW8wRDVVOVBneUw2RmRfclBTOHZvYi1GZWkwc2NueEhXLXJUQ282UXBMVWVyNEN0RVUwNEhsSzlDTmpxaGlDajhXbXBsSXpKM3hqUFlZVTYxTGFmQTlnMEhGUWdtVEdnaw?oc=5
Issuer C,Company News,2026-04-13,What to Watch As Big Banks Start Reporting Q1 Earnings This Week - Morningstar,,Morningstar,https://news.google.com/rss/articles/CBMiqAFBVV95cUxQRDJSaTQ2UXUyMTdydTRBdGF0aVAtWDU4QTRwZGduekF5R3RBT2E4bERIWTR5ckZsTXZ4eFNXbk1LU0M0NnNMTktSZnpKSFBWcGtJOWhLMXZmcEhuZ3g0UWh5LWp6YlJZTGgyOGNtUHJDaldUd3VfLWpNZUY3a2Zxc1JGNXcwM1FvVWI1a3pOVEdMNnRRMnJ1U05qdXF6VTlMZEJZV0dTc0c?oc=5
Issuer C,Company News,2026-04-13,JPMorgan Chase ‘in talks’ for IOC TOP sponsorship - SportsPro,,SportsPro,https://news.google.com/rss/articles/CBMitAFBVV95cUxOUDBNWmhBS2dlUG1iaE12bUVIbm83dHRYWU13MmxLbUVudERUZ2xsanlTWHVha0ZMLU1CRnlYanI0MU5rbE1paDE3WlE4ejNkUm1Ed3VnSFVheVRhUHRIMzNxZ0xiWVd2NUFhNzJvOHNvWUxkMlhzdTc5clRycDZFNy1jQmVITE9sY3pVaURWcWxBSUFxclp4VExkU1hjSGRKLUFSUVlXX1VrUXRfam5hU0N1RU4?oc=5
Issuer C,Company News,2026-04-13,Wall Street Predicts Record Trading Revenue amid Market Jitters - The Daily Upside,,The Daily Upside,https://news.google.com/rss/articles/CBMiswFBVV95cUxOOVdnVllKby0ydTBubDk5MTVfdXl5dVpTZnM5MmJYbzlucmVrOExiWmdOdUFGQmNBdnZJLUNrN2VUb0VfMXY1ZlFPQ282LTBncGhQaHRPMXFrLWxyN0pJSUlzcXplTVJ4VzlhZDVxSHI2UERoSHlyQnJVUW1PYnZzMGM1bkFERC1rTFBlX3d0QVRmVloxXzVhMzZzYTVIVFVWcXMxUmpuQml4UmpFeW9YV0tqTQ?oc=5
Issuer C,Company News,2026-04-13,10 Best Travel Credit Cards in the World for 2026 - Aviation A2Z,,Aviation A2Z,https://news.google.com/rss/articles/CBMimwFBVV95cUxQamxKM0JlcFgyRTloQzgwSXdJcFY1VzlMaWRzczZ2MUJscUMyTTMteVpGam4wMGxPbmFabVVHSFdubFhaNHFNM1NjVlJ6MHYzWEZfaVA0VTZHRzcycXVIMkY4NGRzUHU5THJwalVfWkRTRFFkb2xNTjl6X2JpYU53T1o1YmlFRlQ4Z3FCQWZTWUxjcU85Z1haOU10NA?oc=5
Issuer C,Company News,2026-04-14,"JPMorgan profit beats expectations on record trading revenue, strong dealmaking - Reuters",,Reuters,https://news.google.com/rss/articles/CBMitAFBVV95cUxOQlNtc0xrd2hPNWl5aXZxN28xTTNidDlIb0VKSnhsZnVxZE9iNG1KS29DenpUOHlTS3BUN21KWGNZM1YwV0JlQ3BfaGNBbmdwQ2xqY2FRMkRxakNVYTFkQURjUndoNm9Mei1aTVh2YXREMEotcHVSQkUzanpoUGVNd2RiLUtBTnlFQ0tRMXRfNUQ5WG0wWnNTd0loeWluZDZnZWNYcG5HSUx0QUlFSS1qSnpETkc?oc=5
Issuer C,Company News,2026-04-14,JPMorgan throws its weight behind Trump administration's push to scrap quarterly reporting - Reuters,,Reuters,https://news.google.com/rss/articles/CBMiyAFBVV95cUxNRDlDNkRyNF9lU3RrOXJNTDVjQTJlUXpNRHpaM2pBcy1BZWlXR3JwZTNXeldNMjN3cGt1cHFIQkdhcjEwVjNEbUlwZks3VGxuZUtrOWwtc091T3Qya2cxaTVRNVJROUI3TFJBQW5EWVpLTjNOdGlqcURVYzZSY2VRcGlmRnd2aDhrSkF3eWJMSklnN05sUzZZNFQ2TGJ5MDhHdWRBYVAzdlN4dWYtbnJFX1kzNnZrUnZUOXU2NVN4TXgtdWkyTVc4MQ?oc=5
Issuer C,Company News,2026-04-14,JPMorgan sees capital hike in latest Basel fight twist - Reuters,,Reuters,https://news.google.com/rss/articles/CBMiuAFBVV95cUxNWW0ySHZWbzV2c210TU9KTGlaWDZOanM3dHVVcGpYZktneHM1ZWdDM2NPTlVqazIwbUFDbl9nbUhlZ0xYMW42VGF4SElfVWU0R21wQ05DSkJ2T3lfVk5tTm1BRlZXdXJIWFJqUVRqV2F1LXZnVmJibmVkWmZXb21odlJnOXBSYmtyUl9KT2otdERjaWpLbW9PTGVrbE1LSm9HbXhMSG4wSk95czFLSGJ4YmF2OGhiRXdC?oc=5
Issuer C,Company News,2026-04-14,"U.S. Economy Remains Resilient in Face of Iran War, Banks Say - WSJ",,WSJ,https://news.google.com/rss/articles/CBMiqAFBVV95cUxPZ1I3S21hVkdHTklrQjh6RkFtSE9tZERPQWtGOGdBWEVUaFZkMzhMdWpjWkpXZDV5VUtjX29uZjNFcUVuUktaOF9uNkk5cFgtQlFRVTNoX1c3SnVsTjFnV0RrQ0VWTVhqMVI4WkVCSlNBMHEybWMydWJlQUt5RWt6cEN4bDBQREctS0F6VjhQWHYzNk9mTWUwMVl1TkdTdnd4bm8yZ1Q1aDk?oc=5
Issuer C,Company News,2026-04-14,JPMorgan Traders Blow Past Expectations With Record Haul - Bloomberg.com,,Bloomberg.com,https://news.google.com/rss/articles/CBMiswFBVV95cUxQM0c5dWhfZlRMU003V2pIWUw3SzFadHM0MnVTaU5Udkp1T2lwMHhpV3ZLV1NkeVp5enlfczYxcDU2S09EdVN5M0hYaW5DbTRuX0pyUmtRZXRRcWxIaU5WaXBfUC1KN01HaVF5ODNET1hCWnh3OVhzUUpIcnVsNjNhSTFxTGNRN0lhMFlyS2hDM3Z0eWNtRFhRUThFRWZNR015QnZQTFRrdUNXSUFTT3A5S2FOYw?oc=5
Issuer C,Company News,2026-04-14,Watch JPMorgan (JPM) Traders Post Highest-Ever Quarterly Revenue - Bloomberg.com,,Bloomberg.com,https://news.google.com/rss/articles/CBMiqwFBVV95cUxQYm9MdVR4MDJNZURuY0t4MzV6OWFoNlRCTzFvUnBFWVhNbk1odk1pTXZDR3lDVm0xWFZHdDlyNEllYVhWb1BVY1M5cXE5a3NJQ2FVV25lVFJibUx2WGpTM1BWWWdJZjFuMHhmb0FtUmFvUTN3bHVhQURWSl9DZVF0Z1ppSFFwN0R2TVVZQS0yZDdvdWxyeFhZcU1WakNMdnJYV0l5STZDeXNmX2M?oc=5
Issuer C,Company News,2026-04-14,"JPMorgan tops estimates on Wall Street results, Dimon flags 'increasingly complex' economic risks - CNBC",,CNBC,https://news.google.com/rss/articles/CBMifEFVX3lxTE5Pa2EwbHczTUE3VFUzd09hNWFha0szYktOU0ZVYVN2ZmtPa2hTVjRfamxJVkpWcS1HMUtldmFBaWZJOURBN3BwY3BEOVotVDhXanlMMXRPdDVHY0hYMnlKdm5SLUVHblByQy1nUWpLYzlzVzJkdVlBampZMHrSAYIBQVVfeXFMUFpHczhRdVhuWm0yUDlQUmFzYXdtVTFnRGtGWThIV21ZbC1VM2ZxS19hNDZnbWNKdXNKS3c2MVBiSXpOTzZ6V0xhWGg1RGh5MXhyN05Jb1dibDRtdUFNQ0J3a1h0c1ljLVY5S1NGUHBlUTFpeUZBb3R1a0RmSkxTSGlMUQ?oc=5
Issuer C,Company News,2026-04-14,JPMorganChase's profits climb on investment banking surge - American Banker,,American Banker,https://news.google.com/rss/articles/CBMilwFBVV95cUxNbU5tNGh2VUZXY2ZtM0t3NEdiOUtYaDR1X3VGSmlVZFBhUkx2MWNSQnJFSjBkdHNxSEQzeDRvNll5b0pIdmc2S1ppaTJPOURzZll4Y01DSEdWRzBtaE5DRnFTRDUyWnIxZW5YVHBXb1FRSEhhZm4yYktGTGp1WkpCVHNYWmtWWmFZRUR2R1lDVWNsZzE3R2Nz?oc=5
Issuer C,Company News,2026-04-14,JPMorganChase Reports First-Quarter 2026 Financial Results - Business Wire,,Business Wire,https://news.google.com/rss/articles/CBMitgFBVV95cUxNMDU4UWlLb0ZtVkptRFdEUDFlZEZ6bEFLaDlPY3JTMzlpQVo4OGxiWUNEWkFwT0JiQzhicnIyS1FsbDJha3NCWWQwUjhFNDRfQVZJZmVqdlIzY3R6OW51M0NNUUFTZWxTaHRsRTdJcHdJbWVNYkZyWkU5dVg3OGdOOW4xUENpSnRMQld3ZjViTl9POEw0QTZXcTNOUFhDM2oyTExXT2ExclhRQ3lSMk50UjFxT1RMdw?oc=5
Issuer C,Company News,2026-04-14,"JPMorgan blasts capital proposals, estimates 4% increase - Banking Dive",,Banking Dive,https://news.google.com/rss/articles/CBMimAFBVV95cUxOMnhCUU5CdDg4dG12aWw1anpZbG9ycFVUT2RUc1dlX3dMSGxqQnJhNmV0ei00T2loRlZCWi1JdXhRUEdEb0F1X3MtWl9HbWlVWXpOV2ZXTDgtM1gxMmxMODZRQUNoRHd3cGlFVDkwSmdUV2JjMTM1a2hpWFBKZ0t2M3lfYnhZQUgzbjdPQjdMQVowZTUzSG10Xw?oc=5
Issuer C,Company News,2026-04-14,Coinbase Launches Bitcoin Rewards Card With Cardless - Upgraded Points,,Upgraded Points,https://news.google.com/rss/articles/CBMia0FVX3lxTE51ZUNRQmpQSWMwRkJSbVA3NGVmZEJGNmhYRVdPd0xBZ2lkblNxNFRmTTNMd2c1QWYxRXNKZ09uZ2R1d044Q0hLaTdCeXd1TDZRUXNLXzNNM3lsUU9PeHpkVFFBR0djLWFfOUNN?oc=5
Issuer C,Company News,2026-04-14,"Here’s the ‘biggest single reason’ gas prices haven’t hurt consumers, according to JPMorgan - MarketWatch",,MarketWatch,https://news.google.com/rss/articles/CBMi0wFBVV95cUxQWEl5X0h2YTFmUWtzX05idTZTVDlERW0xdEEwRzRTM2lPUnJZaGVmbGhNWDdqOGhjRXkyQmxZdXl3d1hvVU5qUmhGTDA0MWUxRFpkbkxHOV9IeHJ4Tmx2YnAzY09waFBQMFR0VGlDTkNZcFUwb2hPdy1NLTh1ZzlxSkxyV0tudVc4OGxtRjBnSUJ1aFZaSFpFWWw3b1pZb1dTVE9vS3c0RDJFeFp1d1pnQnJtc09oNXpPUnFnWGxZdENGbkpOemlQMjlva21nNjkxQlJv?oc=5
Issuer C,Company News,2026-04-14,JPMorgan Sees Resilience in U.S. Economy Despite Iran War - The New York Times,,The New York Times,https://news.google.com/rss/articles/CBMiiwFBVV95cUxNMTBWTXJ2UDJOZkd4eDZfZGF0MEdmYU5lekpLcXZDeHhFU3hpdE1TWncwTzVlbHU0TEFkbmNnUnhmak9WSzQyTWJkWm1SV3pMZVAzY29JLVV6MVFxN2lwZUh6eU9pZFBqdktCSFgtRFZZdWE1cEstX1I0Mjl2Nlg1Z1hDLXpZX3k3S2t3?oc=5
Issuer C,Company News,2026-04-14,JPMorgan exec says the bank is 'broadly comfortable' with its $50 billion private credit exposure - Business Insider,,Business Insider,https://news.google.com/rss/articles/CBMiqAFBVV95cUxNYmo0bEI1YnVYZDU0cTNOaG5zU0JHZ1NOd1dRMndva0VtU3lVZ0dyaE1jc2dTRHUtUHlmM1RMNnNVc19zd0lHSERQS2I1UXJVREVnSFNRdk9fMzd4YlZoZ0lUTnhha092LXluNko3OWN5a09oLU5tcTJMay0ySnoxck5QZDlPSTZOMmpsZ0hvS2RkTEgxb3JlUFI0dG9mYzh0bWxocmpZdWk?oc=5
Issuer C,Company News,2026-04-14,"JPMorgan Chase Q1 earnings beat, but NII outlook trimmed (JPM:NYSE) - Seeking Alpha",,Seeking Alpha,https://news.google.com/rss/articles/CBMimAFBVV95cUxNZ1BJblFMMDV4U0xETFdUaENJQ0xhbndQZ3Q3d3gtY3ZZYmY4YjJJaWZ6V2UzLXlLcWgwTm8yXzlGc3FWXzRaNDJ1QzIzaUJkanJ2dXA1LVdXdTVHMW91ZTM0UzBzU1dWcTdyODVDYXhfUmZhb0FHOWFPdFZpSGt6THlhc1IwV1RiTURnUGlBT0pjd3N3enY5aw?oc=5
Issuer C,Company News,2026-04-14,JPMorgan profits rise 13% as Dimon warns of 'increasingly complex set of risks' - Yahoo Finance,,Yahoo Finance,https://news.google.com/rss/articles/CBMi6gFBVV95cUxNM3Zrd3FBbm1Kc2kxTk9BT1VhMjZDNzRaLVBVMWhrZmFDeklWdFhnbVREeS1OUUxneXVjYkNnX1dLa3ZlNmpRY3ZHWjRLNV81czJQQmcxcFpsVmtWVzFhZS0tc0ZMaGtpYXZKWXRYMU92QTEtQUlXOWVyUFdjaUVJZmxCSmhJNHJoX3lmZlhpcEFfTU9UcExHNmt0X0tLbldseG9nd2lzVTN3SHFDQ3VPQThNRjYxTjhPS2RtcW9MeVpNYVZ2VFhQQVZ0V3Q5NXhFam9seTMxNHBnbHlPUk1jSWtFOVRKWExFUlE?oc=5
Issuer C,Company News,2026-04-14,"JPMorgan Chase, Wells Fargo lower premarket; gold miners climb - Investing.com",,Investing.com,https://news.google.com/rss/articles/CBMiuAFBVV95cUxQclFtVzVxQmN3TkNfT3VTcUdhcTE5ck1OOXNET3h4Smg4WlBCV001RWRvcktWNEpOdHBRN3FJbk8tcmZVem9FRWthQm5RaW5KdkoxVV9hV3h1aVpYSGJfV2VtLTFzdnR5ek9pTWRWT3ZpazVDZW9EN3dLVWdSTzVnc1c1YzJZcmhHcXFvTEZTNi1mZ0tVTHhXZlRURG5tX2VtVzV0cGZMOEg3V2VQMGJCemFIbW9uanRx?oc=5
Issuer C,Company News,2026-04-14,"JPMorgan Tops Estimates. CEO Jamie Dimon Sees Economic Tailwinds, Risks. - Investor's Business Daily",,Investor's Business Daily,https://news.google.com/rss/articles/CBMirAFBVV95cUxQYkZzZU9NWFpkMTZVb2hHSWVNNEZSUkxvNFJGRThlWVRYbnhodTV0czVFd2wtLXpRUHJQQlBYLUlpZzVfNFRoWWtrOFdEWWdLX1VzMTJ6SHVycW9yaVBVSU1nZjNCdTEtNU84eVZ0V3RRdEg1SUlTNmRMT3dvOW5KNTZydEZtc0xYSlhEaklEWHhfN2ExZENZVG4zeXVLNjlyeGZ5UWhzQzk4OXNZ?oc=5
Issuer C,Company News,2026-04-14,JPMorgan Chase (NYSE:JPM) Posts Better-Than-Expected Sales In Q1 CY2026 - StockStory,,StockStory,https://news.google.com/rss/articles/CBMiwgFBVV95cUxNdmtkc1p4SDFoQVJIT0tOd3poYU5oOHZpUDRQTEhsR1MwSlU1Yk4xS2c5TE5JTXh0LS1iUV9nQWJVVGVaNUxUQ2ZjWWdZUXJJeFBfaDlxcWM4eDRrQVJPNF9UMVAzZ1IyRzY5Yzc4dGotSjlvSkdvQ3hMc0V2S3JVQTZwRzJUM2d6QlhLd202c1hiNExOVVFKaW4ta1p2WXlUR1UxNHlTX3VUekd2RUpFbE8zT1hNOVltRkpyOGowMERrZw?oc=5
Issuer C,Company News,2026-04-14,"Wealth Drives Revenue Growth at JPMorgan, Wells Fargo, Citigroup - Wealth Management",,Wealth Management,https://news.google.com/rss/articles/CBMiqgFBVV95cUxOTzdOZF80RzNRQ2FKZ0dfa1RmbVBqcTA5bzJzZUtlQ192b2puU1RxLVpNOXdQVFBzcGwyZzRXZ0JMVTBCSmJTNFpkYXpSRG4zNzVqLTF1Ni0wWWExMHRhTERObTI0N3ZGM2pSRXB3cnVCS0FaRTk4N3NLWkxQLWFPWUZqTzZsQ1QzRjRVeVBpMVZkNDBGQjdWRElXeHo4cldRR2k0YVNuRFNpZw?oc=5
Issuer C,Company News,2026-04-14,JPMorgan Chase Raises Dividend 7.1% And Stock Has Room To Run - 24/7 Wall St.,,24/7 Wall St.,https://news.google.com/rss/articles/CBMipwFBVV95cUxQSjEySjRzSU5lNlo2dmF0dFFGaTd2QTJHaTJJdlpQM0UyRUNQRTBNRFdHSFhPOE1JTmI1X0laM2Z3cmR0V1JxeFRQWEhQaUVrOUppcVFFU1U3dExCYXV0aVJmVU5vNWg0LV80UGs1WEpsSTRIN2dLd3pLTEowWDZBOURaNDR3cF9DMS1ZLVV6QmRvOGJ1emZ3d0daNzhvNXBJdWVMbEZQaw?oc=5
Issuer C,Company News,2026-04-14,"JPM Q1 Deep Dive: Markets, Asset Management, and Regulatory Uncertainty Shape Outlook - StockStory",,StockStory,https://news.google.com/rss/articles/CBMi2wFBVV95cUxNOTJEdGs1alhfdmhhTHRuSFhneVFsVS1VZEo5bGNMMHNHUngtRm9BR2lSRFhadFZsREc4Y3RhQzNiUHZOSkt0VmpuWXR6RkxrNVlvWUZoTUdheW9aWDVCQ1NqQmZFckFya0JDLVFsUkxpNmRBU0VuNXVCRkhweEZTb3NlU0h3cFVlTkhKZldWNTZ3NHVIbTBqaS1hajB3cllaaEFpMDRmYXdubVVHOVVteXBTTm5PU3AxdkZSVXF3YUZ2Nko5a2Q1bGo2ekl1bUhVZXB1emhwb0hCMGM?oc=5
Issuer C,Company News,2026-04-14,JPMorgan Chase (JPM) Reports Strong Earnings with EPS of $5.94 - GuruFocus,,GuruFocus,https://news.google.com/rss/articles/CBMirgFBVV95cUxQeDBfZk11RGVBTUNXZmwxN3RHWjV6UmMwbm55NXFNVEgzVmNTUkdOMk9ZOFRIVXlaa0N5RWVDRWZ0eUNoZ1BfUFFFMVZzd0pjbk03azJmZFZvOFZaajVHNWFnM1ZCVW5RbHRtTnRXaFJ0TndYZ2FFQUpYbi1BTTJ0UE4tclNZTVBaTHdXeVNJeWUyZlVwbUN3YTZJcS0xNWFXMno1a3NCWm9sZUtoaFE?oc=5
Issuer C,Company News,2026-04-14,US bank profits surge in Q1 while JPMorgan Chase warns of looming geopolitical risks - Anadolu Ajansı,,Anadolu Ajansı,https://news.google.com/rss/articles/CBMiwwFBVV95cUxQMUFHckxrMzBISDhBNXpVTGNzWTRvMGFkamc1dTExUGRWSWR5eHJFZ0NQZWtjVy00TURlMjlKQ0ZUNTB5SGoteFlScmRjdmtwSzVrX2lzY0c4NnJlUHNSWGNPZkpZenh4MmtMb1U0UXg0NlNyOWh5andzbUwxbW1heXc4NVhPQUhoNndJMklxeVptcWtwMDIzLVRreTJBTlFzUElfTTZJU1oyRkdfTG43a3R3bXd2NWVIb0NKbWs1Y3BSbDA?oc=5
Issuer C,Company News,2026-04-14,JPMorgan profit rises as volatile markets drive trading division - The Globe and Mail,,The Globe and Mail,https://news.google.com/rss/articles/CBMi1wFBVV95cUxPRUVhNnhOSUlYLUN2V19Nd0c0WjV5dzN2bTZ2YmFjUU1KVk9pR0lzcXVkbGkyR2NSVjFwLTBWeG9odE1zVDBGRTd3Y0VyWHBOR1otaHVLYnBxWmRUY2Q1WlJZeDVtZC11NzNDLXpUWWdoSnZlUXBScU5iVUQxeVduRHBpRkJsT2RJQTNqdjUwdnVlb2tQVEFjeG9uUS1HakF2bzVCbXg1eTk2Z1FSUjg4WHlLTFY2MFVxMF9Ib1FMWW5KbzZRenR3TnlMVi1TUWFEaGNnMHlxNA?oc=5
Issuer C,Company News,2026-04-14,"JPMorgan, Wells Fargo mortgage volumes missed the mark in Q1 2026 - HousingWire",,HousingWire,https://news.google.com/rss/articles/CBMijwFBVV95cUxQVjRzUWFTb3M5eFBMWlBPT2Y4NERxU3ctMTV1N3Q2bG90UFIyQ3Bod2Q5OTg5TGNCV25MMjBhSUhUOEs0Z19yMXRTTU4zZGZYX3JJOWM1YjdUZXZNcnNDRFVsQVIwVlRGbVBsd1RWa3hpX3JNYkFmYndpNGlrVURvcHlRWkJmTFd3aktaMWg3bw?oc=5
Issuer C,Company News,2026-04-14,Trade Bank Earnings Beats or Misses With FAS and FAZ - ETF Trends,,ETF Trends,https://news.google.com/rss/articles/CBMingFBVV95cUxOQVlCRlNHX0NCM0NQM0Exdk9NMUlxd0E5Nk1wRnhLSEp2UjVWVWdmcHMzZElOT2hfTVVaeXZXTTlSMnBQSVEycmRVV3RqY2ZtcXpmMUY0ZmJsZnVXTlpsbnVnR0k1aUFGLW1JeV85eEZmUmRKaVdvbmhrZGh3dDRteFdHMUlDSGRWZTk3eEhpaHNMWTdwT0I1a19GbURuZ9IBowFBVV95cUxPZ2p5WlpNQ1VNZUpLNTJSclVGS1ZWREFKOW42Y0tnemo0dnItRmdZc3BKWG1JbVdUVS0td1czT0hPT0NRZHdwZEVyR0JzMEdDMWVSUENMa1FfazNFTmhROWhSZjNBMkI2a3B0MDJRcTNzTklJQmNmdlJmdFgyNjJuLVlmS2hreUJlU0JfNkRZZ0N1SV9SMW9scWRxcmV0RWhFNTZ3?oc=5
Issuer C,Company News,2026-04-14,Wall Street rakes in record profits — but JPMorgan CEO Jamie Dimon flags risks - New York Post,,New York Post,https://news.google.com/rss/articles/CBMitwFBVV95cUxPaDVMQUl0MkNPaExOMm5pWTA3WUpaMEY4N0JfNXlPQUQ2YTY5NGotV3lwa3l4aFJ6cEVqWk5HZ21ETENyb1U3N0xabXp3R2JhUk9rUmtlYnF5eDBuaURPbTdrc2Rib3gycXgtS3FDNF9qUDNmZ2J1RUdsajNYVUZVLUFGMWhHUC00bG1yVkpLdGJkaWhUbkcta3FzQ004SGM4ZUsxY3IxTGxRRktKVFlmN1pMU3E0VW8?oc=5
Issuer C,Company News,2026-04-14,Chase Auto originations down 3% YoY - Auto Finance News,,Auto Finance News,https://news.google.com/rss/articles/CBMijgFBVV95cUxOYkVwYWxMR0s2VFpOZFJTNXhVUUVSeDNPeTJ1YVUtNDBSTGJOeEdGUmhYSjEtd1dvdUZhbDRsV3VjM0k4R0w1Z2xzTl9LQVEtZGNSQTFxZEMxc2xpb01rY1JqNUpTVmRQQzZHWEFjUFY4eUNJOU5RbFNxMUFCMGtLUHI0M242OTYtVE9KUjdn?oc=5
Issuer C,Company News,2026-04-14,The Fortress and the Future: An In-Depth Research Report on JPMorgan Chase & Co. (JPM) - FinancialContent,,FinancialContent,https://news.google.com/rss/articles/CBMi6wFBVV95cUxPR3B1MkFCNXRKZmpoRlAyNFBtTktOQUFtOXVTUGljcmZYcEFtTkEyWDdiTnZrMDM5Y0ZtT2FmOFk0YnNxdWlWdnl5T3VZZzVJZjJVR3JBRW1JMEFlajFHdzRzVnVCSTdBMUxkQmV2el9kOUoxOFRCWkd5NTRhMWwydjdGT1BsQzFMNVF0OXUtaDViYlZhWHBKQXZhWWJHSWZQS2xxTGVkY2Y1MUF2MzEzNklaTkJHUE5xSnpZdGJUOFZtSHJ4Vm1wMGJYYmtHX0NISW9yUUhqaHpOZUVnTE5xYnZMODlUS3pPYV9J?oc=5
Issuer C,Company News,2026-04-14,JPMorgan CFO warns stablecoins risk becoming ‘regulatory arbitrage’ play - CoinDesk,,CoinDesk,https://news.google.com/rss/articles/CBMitgFBVV95cUxQVEF2cVAxcGg3STh4RzR0bnV4bHppcHRTYzdrRmoxM0lnTUFWam5hb1daaTl2SGk1RnNhRnFIM3BVOUJTblpwTWRUMm5kbXozNS1iSUM1c2tVNE9VWDJtVF9yUENKYTgzUnlxS3h4empLLUxIZnhZQjlSOUxScXpYYlBrTl9BWXdOY0NvV2VfWHBXcGJJdnoyU05veDFyMm9uSmRIeGVCNEJPNUV3VHdMZ1BjX1h5dw?oc=5
Issuer C,Company News,2026-04-14,JPM: Key Financial Developments and Insights - GuruFocus,,GuruFocus,https://news.google.com/rss/articles/CBMimgFBVV95cUxORzRxNy1EWEV3bEdESzZ6dmpLLXRlRjlsMk93VkRUVDNtS1JFLVBySFhoUS1PaGNTcFczZ1Z5VzFDVzlsa0ozUDU5RGdhcjZyV1JPZFJQUE82REVNcDQydTc2OXRsU2x0WElGb2ZFNnp1dENVeUF3aWRvS2xoNzk0UjhtdVRhOUdPSTJUYXZnZTdfaDJBSW1yc3pB?oc=5
Issuer C,Company News,2026-04-14,JPMorgan's Q1 revenue up 10% to $49.8 billion - Breakingthenews.net,,Breakingthenews.net,https://news.google.com/rss/articles/CBMimgFBVV95cUxOU3RwYXIyVmJwWU0zRXpkOE1RUmloRmpKb3l1NmVQYXZmbTgzZlhUNzkxZFo1elVYX3pfOS1LRjZDdHRlY2d4U1VfNGo2R0s2Mlp4Sm1qSzd4WVZ4a1QxcFVvV1VvSjEtVU9YcHgtX2JGOVVINEZIUk1tdmNRT0dxb0swTDAtZ0lkcW56OG9uN1hVQXFEa094Tkhn?oc=5
Issuer C,Company News,2026-04-14,"JPMorgan Q1 Results Shine, Trading Revenue Hits Record, Why Does CEO Warn of Risks? - TradingKey",,TradingKey,https://news.google.com/rss/articles/CBMipwFBVV95cUxNZ3BVcTFSQUZfYkZ2b05jMEZLVV9kdzFGRF9IZVZRRlVuTTlhR3FsSDlpbFUwMng0bnAwamZyVnhMUGdhaTZDYjJpMUtaUTJPOS1tc3AzVVpXQnB5ZXhiLWFyMVVMc0dYRnNxOF9RWHpSNXVJcFRETzZ1Q3NydHg1VXNPUWREWHVGVW9WTU5mcUYweTdhei0yYVRKRlc1WkRRaWNTMXBiTQ?oc=5
Issuer C,Company News,2026-04-14,"JPMorgan Chase reports higher profits, sees risks for US economy - KLSE Screener",,KLSE Screener,https://news.google.com/rss/articles/CBMiswFBVV95cUxQVGVUT1QtN1lzTmNCaHdzQU4waVF6NzVWbHRWa3l3V3R6TFVXOHZOQkNTc0ZNeldsTUVOYno0VjJ3YTZRRGhLd05QcFcyaEM5WVk3eS1ucXU5WE9HbnJpUGRiOEotTGNIMXNMTTBLOHVmMkZ4SHh2dDctMjVOdDFDTWtaZVZLbmVUbDd2QXFqaWFGZ2FOeThKby1oSWVja2dJSHZYS3UwbXl0ZGFCemxuYjY1UQ?oc=5
Issuer C,Company News,2026-04-14,JPMorgan Chase tops earnings estimates - CNBC,,CNBC,https://news.google.com/rss/articles/CBMiuAFBVV95cUxQanVQSGEtbmxBeldoYTJiZjV2SjBIMFlPQ3JsYlZBQ2QwMGxSV0JIVUhBcmVUSUw0OHVHNFRKSHlfbEszeWtMM05VMmJyQm9VZ2s1czBRUmZWcVFLTkJqTThUcE5nZ0RwYVBNSF9XaXRwdi1rNWRhV1lkdUlBQldIWGp2SHNWcjNtZnJYc2pWSEQwekUyXzRDcTZtMTFMUHNPNkFzV0pvOFBIV055VU44a0tKYVZJaW9I?oc=5
Issuer C,Company News,2026-04-14,"JPMorgan tops earnings estimates on trading, investment banking strength - Yahoo Finance UK",,Yahoo Finance UK,https://news.google.com/rss/articles/CBMikwFBVV95cUxOM2hxcG9Fck5fY2ZTOWlhQ3libDNCU1NsMEVESnJaTnA2bF96RFplRHVsamVNOFN1cXNsVFVZcFpPMlVSN0NPdXFVdEc4UlF2d29uLXNWWUc4Y21peU1hUkR6UXRpQkx5YjdrTGpXdk9fb3Bic2dUczg2Zm93T00wR1JXTjBIM2k3VlhfeTZkRWVQUU0?oc=5
Issuer C,Company News,2026-04-15,"JPMorgan revenue rises on payments, card income - Payments Dive",,Payments Dive,https://news.google.com/rss/articles/CBMikgFBVV95cUxQcDlMU3VvNkplbHJMQkE4blMzNXJ2QU1PSzNrY1FTYllmSXVpMDBFOVRCNUt3U2tyUFhtZkF0WWVrajk3bjczazZBQ1Q1ajdLOW9lRndyeVRiUkdodHp5dFh6U0toT3k4cmdNb0Q4S2dycFRVMmZibEpxanJlZEVabWtZZkRpR3loYjBJSFpJMVQxdw?oc=5
Issuer C,Company News,2026-04-15,Big Bank Earnings Show Consumers Are on Solid Ground—Against All Odds - Barron's,,Barron's,https://news.google.com/rss/articles/CBMirAFBVV95cUxQMUFhTDZYWGRMT2JtVHYyc2Fna1BiZUgxRTRlTE5EQkJKVmM1VWdpRjZ0aUdSQ0o4dzU4Zkw5cVNyT1RZWGl3LTc1d2RxQ25QSk1rME04MWdMbnNmRk10b3hJVVhZN19wSWNEbWpkb2RXb05la09PQmlLN1hxVExBSGhUZEtkNE8xcmtDdTlxUWpRN2xubHBJbFlCYlVOaEVzaXdRTVJweFhtcnMt?oc=5
Issuer C,Company News,2026-04-15,Jamie Dimon Says JPMorgan Stock Isn’t Cheap. Why the Bank Is Still Buying Back Billions. - Barron's,,Barron's,https://news.google.com/rss/articles/CBMigwFBVV95cUxNal9ibGVybGVpSHVULWxTMUNfX3FDVG1nLUlZaWs2X1BwczJORU5YeTZEZHRXOFNoTUFScjJaNEdhWk9pbktkTGpOYU9SWjZjSHdxRUxMWlFDd0U4Y1dYZmtqaHllM0VQZGQwOWhGcW5zekczSDB6eEFVb3BLQm1KWlVKbw?oc=5
Issuer C,Company News,2026-04-15,JPMorgan Chase Stock Falls As Bank Lowers Net Interest Income Guidance Despite Earnings Beat - TIKR.com,,TIKR.com,https://news.google.com/rss/articles/CBMiwAFBVV95cUxOTDQ1MUlLVkpQTXhuN2VKSk9ocTNza3hhYXBEdUxZSFRyM0FZTlExblo3clJXdEsybVBmbFZUQ0NON2Q2SG9ZNWhvSV9kVGJjb01qYVVRdzJCeHdheVVFX0Y1STNxVFZWY1ZuZkRjX2JzSmFNZ2dDZVhSWHJvYVFfNlh1WWx3LXVVb2ZCUlBkTTBZekVqR1VGNml0cnRPb19lX0lVLTB5V1JIZEcwNjlXNlJ2M2Y0enVYdzVOUVdZQTk?oc=5
Issuer C,Company News,2026-04-15,JPMorgan’s Jamie Dimon: AI Is Making Cybersecurity Worse for Global Banks - inc.com,,inc.com,https://news.google.com/rss/articles/CBMiigFBVV95cUxQRXlmMnpOVU16cF9tUkFIOVd3S0RDLVNvekZSdlZ2Zzduclc5ZnRLaE5PbjliZU8wNkN5bFM2SDF5dmJrVjlxeFhScVc5QUx1ZnRpa0lPMmZFTUMzZXVheTJwX3pVNEF6eGlwbmZkVjNrZ2hRU255TUZpTFFfeEhUUWNZc001SDU5NkE?oc=5
Issuer C,Company News,2026-04-15,JPMorgan Chase quarterly profit rises 13% to $16.5bn - Private Banker International,,Private Banker International,https://news.google.com/rss/articles/CBMikAFBVV95cUxOLWtlSERFTlMyNXQ4TFRkMkM4NS1iMDFzMGx1VDdDSmFiX1N3NFVJRU9ablg2ck9wOWJVVjljb0J2UmkxMndMTndEa3F6bFNvSFNldWxrcDRvQ0EtYkpaaFZoSGxPWUZMbEtDeHVkZkpuWEFSQkVkR0pxak9UTWtIcG5jNGh1eGhtU0R0Q240bzY?oc=5
Issuer C,Company News,2026-04-15,Big US banks rake in near $50bn profit as Iran war shakes markets - The Guardian,,The Guardian,https://news.google.com/rss/articles/CBMirwFBVV95cUxPZ1B2QXRVbDhrZ19kYy1YM2ZJdjJoVVpNRnZpbmFGb2t0RUZYYXlhMXBHajRkSU56VEhBZF82YVNZeUg4RkUtUmh6MVhiaUpXcVdIQWxFeU5qVnlQSS1qalk0eVdrUGhWRUFVMmNkdmxSclpiRjEySFN2MmxWT2ZxdWZzMjZndGs5YXY3S01aY1F5QVVtd2V1V0x0enhjckE5cUVlbWJjRUxkbDJKa0dj?oc=5
Issuer C,Company News,2026-04-15,8 Reasons Citi New Premium Card Is Amazing Value In Year One - View from the Wing,,View from the Wing,https://news.google.com/rss/articles/CBMikwFBVV95cUxNZlRadExERjY5eFI0RHhHTnRjRlBFam13Rk11RlBUaWhieG9HUHd3Q2VCMzM4OEtNbmwzVF96M0U2aHZxS2dOWmJGSENvYmIwS1pGRk56SERRWVdWWjZJcTdEdjM3LUdhQ3NJQno2bDdSb2l1N0VodjFybzZrM2laUW9xS0Znd0thZF9YVUxtY09XM2M?oc=5
Issuer C,Company News,2026-04-16,"JPMorgan Chase Earnings: Strong Results Across All Segments, Yet Shares Fully Valued - Morningstar",,Morningstar,https://news.google.com/rss/articles/CBMixAFBVV95cUxNbk82Q0RKaTdFYkp5X2dmRGpWZlR4TWdwUE5WNTJlZGE3dlZLLWJxaW1mUHc0TFdjakZhTnNRWVB2cmREcVJURWtGZ2toZUlNMWpPY0xZMXhYLW5pOEZUUE9wR2hETlJrN21zWURUbWxEMVFhWDM3RUcwSXgzTnQwaEFGaThvMWcxdWxZWnZxTTZEZWhXZWRrZ0phYVYxUmVYOEpxaTM1aENVZ09FZmF4aUN6RlpLSm1fOWJta25qUW82VlRS?oc=5
Issuer C,Company News,2026-04-16,US Bank Earnings Shine as Trading Desks Post Record Quarter - Gotrade,,Gotrade,https://news.google.com/rss/articles/CBMikAFBVV95cUxOV1FZM2xpSnhabGtrSVFFQTh0R3dNeHMtQ25kN2xqUUxCZzJkcVFObE5VMkFlT1Z1b1Y4VC05eV9RVldWcEYzN0pOOHB6Qm1jQV9RTm9rZk0zRzllTEVrbXpmN3F1WWlxRzVzb2ZFWFJnTTY2MmF5NERGUzE0ekFjYW5RVlhOX0FQWDlQQVNyREM?oc=5
Issuer C,Company News,2026-04-17,Sun Country Airlines Launches New Credit Card [25K Bonus Offer!] - Upgraded Points,,Upgraded Points,https://news.google.com/rss/articles/CBMie0FVX3lxTE83czNabjRLSWlLamZFMnpDMTBsWTF4bVZmcl82b1NycktCOE93SlB3TVF2T0FKUXhBVWZhcWRZWEYxa2VqU3FEU2ZHS29jOW5hb1lEamduWHIzU3A0aFBWOVB2dUppR2I5VmNGOHNYVlotV041T0puM2FrVQ?oc=5
Issuer C,Company News,2026-04-17,"Mastercard Adds Instacart Benefits, Including on Debit Cards - Upgraded Points",,Upgraded Points,https://news.google.com/rss/articles/CBMib0FVX3lxTE5kU2hKTTRRa2xtV2tZVjR5VndQZS1CXy1fLTdWNVV2MzBhMEhxb0N1eTVEelZ6Sm1PeGNUS2tic3Q2RVR2elBsMzBTZ2ZiLVFyeXNEX0dYeXMwbEN2SHMyOFRwWi1XOF91dWdWaXc0TQ?oc=5
Issuer C,Company News,2026-04-18,Everything we know about how Wall Street banks are using AI - Business Insider,,Business Insider,https://news.google.com/rss/articles/CBMimAFBVV95cUxQTE5RMUZuWl9nTmo2Z0cwMmt4c09CTWJWQlBuNDNHVEl3SEFUeWY1RGVOZ3czQVFOcHduZlN2RlZWYVRPWjdhUUVFcDFyTDlGaDlYbkVZVGlTc1oxWGhBV3hQem1lT2NacEZyWU1tLVJTQTlWaTM2cWtES2gtXzRTZUR1SmtXVXFjcENfREVfd2lteTBXNEJvRA?oc=5
Issuer C,Company News,2026-04-18,McFarlane Toys Debuts DC Comics Miss Martian Red Platinum Chase - bleedingcool.com,,bleedingcool.com,https://news.google.com/rss/articles/CBMipAFBVV95cUxOQm90NUNtTzI2ZnNmTUEtc3dUaTNMbW1RVEF1cHF6Z0tnRmpNUkNfcDRfRHh1Y3d6a01GZ0s3OTRsb2tUakVBMFk5WkNXMnd2Vk9KZDVIRU55dVVOdU1mVHpqTVJ0Z2RnVUVYZVFVWVZjRGMtb2QybUEtekN0dl9uZWR6alBDSkpSMFVONm1NR2FrUW5meUdZWXQtN0ZYdjhZN3A3Vw?oc=5
Issuer C,Company News,2026-04-20,JPMorgan Surge Sends Warning to Portfolios With Big Bank Holdings - TheStreet Pro,,TheStreet Pro,https://news.google.com/rss/articles/CBMirgFBVV95cUxPYXJyUkhCa0FFejFJRUNyMVlPT05IZTl1RE4xSkhBVmsyM29rWW1fWlFvU1FUZk5FdFE4YTVwdktpV3FET2VRc24wSnpOVU5VUUNJVml3NlFQTk9GbGZSQ3k2LUg4WWZGNGloV3I5VnJMQ0tmNUNCc3ZQMTRnNnJ6X3EzdFE5UldIVmFoVXg2WW5KelBWRHZMSE9NRVluN05JaFg4Ymd0VEZSQjBqOUE?oc=5
Issuer C,Company News,2026-04-20,LEGO Unveils Tombstone with New Spider-Man: Brand New Day Set - bleedingcool.com,,bleedingcool.com,https://news.google.com/rss/articles/CBMioAFBVV95cUxNZmpvTDIzRzE1TG9aLWRHRmpaQW5hd0ZBRW42TGh0Zjk2Yk9qTkNmOVBlUE5IZXVRcmNQRS1UVUFza29mMHQ1bEw2V0F3UGRORllJNV90UnVMbXRQZ0l2Y3ZyYWpRUHB3eUU2OW9iSERiSGRvNUtUc2ZOTU1Xc2hkTldnZVRpdVBScFp4SGY0S3NtYzZONGlXLUw3REw5MlZ0?oc=5
Issuer C,Company News,2026-04-21,Booked On Spirit Airlines? Here’s What To Do Now—And What To Avoid - Forbes,,Forbes,https://news.google.com/rss/articles/CBMilAFBVV95cUxQVlZyQ1Etd08wcjFfVXdlVTNUeUwyWTJuX2pVbFhSRzdtVFk4NG9yTWZ6ZHdxNWJQUHJ1SUx5aWgxVFVyR1FiU19JczRTUk5lcEIzNVBqb2FYbGJobDBocmpxdUZLSHlPTFZWcm5MYUpXek1aZXZvNDBSWVVTdVktMko2b0VaVWJTZ1JxdnQtSEExZjRX?oc=5
Issuer C,Company News,2026-04-21,JPMorgan Chase unveils Charlotte growth plan with 400 more jobs and a new office - Yahoo Finance,,Yahoo Finance,https://news.google.com/rss/articles/CBMipwFBVV95cUxOUGNQTUxfNVZmQ0laUjF5aDBEQW9IWE1uZzE2X3VqR2laMGN4c1ZmeTJiSktjaVZRMVpnSUNicEJSbHV6TU5UdHRCWWc5ZENoZlBHMnRyV241ekZ3aUREN0VmaFEzbVhiSWxITmZiaHRZb0w1b2xxSHk3OHJUcEpQOEVIcDl6WTZlT2pkaWFlbUN1SVpJNmY4c0RKVWhTRHhJNU5seDJ1cw?oc=5
Issuer C,Company News,2026-04-21,JPMorgan Stock Falls After Q1 2026 Earnings Beat: What a $338 Street Target Means for Investors - TIKR.com,,TIKR.com,https://news.google.com/rss/articles/CBMiuwFBVV95cUxPd1ZIT0JDUHRoU2s2OVV3Z20yLVgtLXpRLVNpMHNic19XVGx0OWZBZlNkeFFXQlBRVHppdGFReW9zZmhad1pNRjh1U1hrMEcyOGF3NVVJWlBJSkprUm5rN1lpSkxlWWRpTEN3VDFNdndWZ3FmLVZBNlJlY1RPLTlKUUtpenZDUkJHX284RTNMZEtXUFdFTTMzb1VqUjNSSXFpQmlsLVJKZUNDd3dwT1VqREpKLUZfcWwxTV8w?oc=5
Issuer C,Company News,2026-04-22,JPMorgan Chase & Co. (JPM) Closing in on Record $38B Oracle Data Center Loan - Yahoo Finance,,Yahoo Finance,https://news.google.com/rss/articles/CBMimgFBVV95cUxNbS1RRkFFWE9pREVKUWxXT3c1WmNfSjYxTzhoSUdFby1oTWVraE9WNkJwSEpmZm1GVDVLM25WVFJLUk1fTEhId0hXemNUbXI1UjBualdWUFdrSGFkeXNCeHg2OHFiRGJsdWpKN1VGMHI0aGpkcHBVZ0RDQ1ZkcS1OQi1mRF9lR2RoR1RzSjllMmJpRFVNaWI1c0Nn?oc=5
Issuer C,Company News,2026-04-23,Here's My Ultimate Wishlist for a Premium Hyatt Credit Card - Upgraded Points,,Upgraded Points,https://news.google.com/rss/articles/CBMidkFVX3lxTE9GbHotWFJUejM3dGxpNEc1RW43Z3ZRTkVrcXFkVS1LMWVTcWlwUEFPR2puZXFSTjlFa3BCd3VhaTBGcnRVMmJ4MTByMG9JdEFzT0xmTlRtX1owNWJfTjhSVTNZQ0VKVVJjV29vQy11dFZXWXR3M3c?oc=5
Issuer C,Company News,2026-04-23,Inside the dashboards JPMorgan is using to track and rank engineers' AI use - Business Insider,,Business Insider,https://news.google.com/rss/articles/CBMilAFBVV95cUxQaUU1QnB5UV9KVVpPckpKYXNZcEVNdVF1NElEa1F2aFJVXzFpblBEWEh0clRYWlJkOVBwOEdaM0tJYzA2X2Q0TXRHbURuLUNJN3VkcnRGd0d5bUFHblpTX05BenRKcWdHMl9ud2lVakZZLU50YWt6bzBtVDlGOXhiZUhMR2VCRm5oMnE4ZElFelRGd215?oc=5
Issuer C,Company News,2026-04-23,Evercore ISI Boosts JPMorgan Chase & Co. (JPM) Valuation to $340 on Exceptional Q1 Performance - Yahoo Finance,,Yahoo Finance,https://news.google.com/rss/articles/CBMioAFBVV95cUxOY1Z6OHRNRHpKNHpnOGZhVk5ObVJDVEJCZVlGcDZndWViY0h6aC1YU1NmZWg1eFFRUmFldzZjMnRSeklON2JVbHNPMWFtNDBOUkI3d0R2TkVkWnYwOGpIalJrclU1UTZVdzdGVkVKX2tjU3JvVTI5YWotSnRHQVdtNTM1NE5jeDB0aklRZl9sNmh5Ym1JQzAydVFoaHVWV2RW?oc=5
Issuer C,Company News,2026-04-24,Mayday: Brutal new World of Hyatt chart launches May 20th - Frequent Miler,,Frequent Miler,https://news.google.com/rss/articles/CBMimwFBVV95cUxQSWtIOC1LTHhiSHVHZXk4RVUtbVpvSXdxRWNjaWdOczRpWUZjLTJmUkFVbC0yYVY2MDBpc3lzS3pvajNuRHBSUFFhY2lZckhCUTdJY25vb2JRc2MxYm1SeFQ5MnhCLXFlMWRzMHhieHB0RVBVSl9mWFp1S2p6clZyS293RVFfSlpuU0dPVlNNZHI3R3daZHRMckF0RQ?oc=5
Issuer C,Company News,2026-04-24,Why Are Stocks at Record Highs with no Iran Resolution? - J.P. Morgan,,J.P. Morgan,https://news.google.com/rss/articles/CBMizgFBVV95cUxNQ3o0YTF6TDN4XzFLLXRCOFFJelJRWjBiY1dRV0hiZXI3NUdnVm5zcVRibDNrODd2UjFLTDhieExrVFZaUE1rUWdYZlZjVU1wbW40ZENodDQ2cGtkNkVZZ3Y0VGptRXlJOW9zWW5RcVFfNDN1SmlpZ2hfTFVDUmh5RmJ2MUN1a2pSdHVmanZLaHVuQ3BQQzB0eVZyMkZlWEx1UE5GY3h5bkdDV2U3SzFhS1hPTEh6OVJhTXQ4TU9hbURLTHR4blJ6YXFUYi02Zw?oc=5
Issuer C,Company News,2026-04-24,New Disney Visa Card Launches With $600 Disney Gift Card Bonus - Mickey Visit,,Mickey Visit,https://news.google.com/rss/articles/CBMic0FVX3lxTFBqdVY4V1VGSWlsTTRnSm84Q3B1Y1RhWG12M1JtMTNoZFNyZkhCaV9tdDNvcHRBdEZqc2FZNW9qSFI4TXMyVy1xRktWYjdOSHM4WXhKMzAzZmZvbU5xalpEQ0ZLelZfWG52UU5qMUMwODhWRlU?oc=5
Issuer C,Company News,2026-04-27,"JPMorgan Names New Leaders for Biopharma, Life Sciences Banking - Bloomberg.com",,Bloomberg.com,https://news.google.com/rss/articles/CBMiswFBVV95cUxQT1dyY1VQVmVXaEc1YjREU2tfT1pReVBRcHVORzFSbVJhNVNOVldJTXp3eVUzSVMwak54ejIwaV9uTHhaTHctaFZpTXNpb0VFWGNFME8tU2swWlc5N0QxRmlwWjY0UFBPV21XWFdEdjZvc2FVaXkwSW1Cc2k5S1g5dUUzUEppYU03bm1ncEZ1SWpTTWpYRERjN1B0NEE0SDRXRFd0R0pJa0tuNUY1RHY3RkpNVQ?oc=5
Issuer C,Company News,2026-04-28,"Top-Performing Credit Cards Do Not Always Have the Highest Cardholder Satisfaction, TFG Payments Intelligence Finds - Business Wire",,Business Wire,https://news.google.com/rss/articles/CBMigAJBVV95cUxNWVUwWjNtZVQ4aE1CS2MxcHhyNEFyQ19YN2pKUDVIVS1ieDBoc2I0UkhVUFpVeGhacGNrZDkwdUNiMjJjUGNYWWhNN2tUQ0RqeExCMDRwdDd0YW1IV3hQdjVYV2c0WjZwMmV0blV3RFNSSkpFZm9xYlZya0hQdkM2U2c1b0lmTGFiV1lzZmxqWmxFcmlOdlJtQTNXUXRhSFhmbzJLbkk5U2xLODNuM0VaOUZDSkNnY3g4ZHJ3em4wNU8xQXM0NG96NmNwYS1kQ056TFA0NlNIUHBvZHdrQ3V0QkZDZmc3YjVlSGRCMEdfZ19JNmFYOXBTS3V6TEpQVmoz?oc=5
Issuer C,Company News,2026-04-28,Is It Time To Reassess JPMorgan Chase (JPM) After Its 30% One Year Rally? - Yahoo Finance,,Yahoo Finance,https://news.google.com/rss/articles/CBMingFBVV95cUxOazRHZktLejhzQ09iLWNJZldkUWxBUXRxc1NMOWNIYndVX3c4aVQ1S2xTLXFBQ1lJMThLakpSckJ3NVBNNHhTS1l5U3JsRi1ISW9aYXVVai1RVURtRUo3ai1zMnE0aHFsOThJdF8wYkQ1QmpYeGdRVDVmY0lqTFNzTmwybkpuVEVVamtMZklSbXFFYjcyenR3TFgtOHVGQQ?oc=5
Issuer C,Company News,2026-04-28,"American Express, Chase set a new precedent for credit card fees - thestreet.com",,thestreet.com,https://news.google.com/rss/articles/CBMinAFBVV95cUxPMGY0b3lKdjctTUJFV0VuR1MtZlZScnlnc3V3TXBEWkRyd0ZGNVc5UGk1a1RWRzhsSmtZVGlTU0FCcGwzMDhvYXE0d3Y2Nk1mcDdlcld5OEdHdVNwLUpGX0lwUzA0bGoxVnlDS2VmS0o3Ty1panJZZUlxRW5lQkc2WjRxUThQRUR5MmVUMlYxM0Y1b1Y1M1FWQmtXdHI?oc=5
Issuer C,Company News,2026-04-28,JPMorganChase named first-ever Global Banking Partner of the Olympic Games - olympics.com,,olympics.com,https://news.google.com/rss/articles/CBMirAFBVV95cUxNbDlKWHJoTkVJbDZFWE1GQ3kxRmRHT1g1cVFpaXFWTW81QVZHaDRRQVFYb1JlaWcwU1FFeW1vU19GdnluMDNEaXRMakVJTDcwdjQ5T29YLTNJRjJZRDlKRFV4TTNQbG1yQVVDMkl1dkV4RmowOV9qYjZIaEhYMG1UMlJpLVJxTi1PeGtiOGJONHMxYVJVS3BnUnhQbGlpbU16NFRZQUx0eG1FRG0y?oc=5
Issuer C,Company News,2026-04-29,Royal Caribbean launches two new credit cards: Royal One and Royal One Plus - Frequent Miler,,Frequent Miler,https://news.google.com/rss/articles/CBMiowFBVV95cUxOaHZJT1MyV0RYaVgzZThOWkYxeC05ZG11elBzZ1A1dzVxUWU3R0V2UEdZN1owUTRvVXZ1OHd2cTZTSlpMRzlpWjFoN0twM2NjSmE4aVZJOVlGa0Q3ZV9NVGNRWE0xUHQ1MVBiVHJWVGtmNDZ5UTc1a2FhbkdUeXc5SjZkOW1sTW1pWkY0czYwZEFyc09zZENQdDVZcWVUVkllZm9Z?oc=5
Issuer C,Credit Card Product,2026-04-01,Chase Freedom quarterly categories: 2026 calendar - The Points Guy,,The Points Guy,https://news.google.com/rss/articles/CBMifkFVX3lxTE1DaWVLeDloOUJJU3hKUUNCUk1LbUwyZGgydGdhbm04Q1VISGZ3aHJEM1Z3SjEyRTNYT3hFQnNZTGFodEdJTDg2YkZaS21pRHNra0VHc1hYU0NweGRoVWFKQ3NsXzFHb0lfV1Q1dzVPa2JzNDhqSjEwdWgyRkQ4dw?oc=5
Issuer C,Credit Card Product,2026-04-01,Chase Travel Is Testing A Price Match Guarantee—Here’s Who Can Use It - Forbes,,Forbes,https://news.google.com/rss/articles/CBMikAFBVV95cUxQYnR6VFFJaTdZWkxiT1R0cEVtODhiSTY3NTZ2ckNQTzlMX2NSa0Q2YmxWcnBuQnhrZEN5ejBkanBWaDRveXFZcktCaS1EbGFyYV9oYkNsLTk3Z0NMZVNuWkExY3pFbkFaelkwUGNuanVHSi1iNU1FODY0SEp2Y2xqc0pZbE03czIxaExTMy1UaEw?oc=5
Issuer C,Credit Card Product,2026-04-01,"Earn 5% Cash Back on Chase Freedom Flex® Q2 Bonus Categories: Amazon, Whole Foods, Chase Travel And Feeding America - Forbes",,Forbes,https://news.google.com/rss/articles/CBMilgFBVV95cUxOQ2JFb2NDWkNtZ3lEb2pMUkdLLTdMTFpaQnpEeFE4MnZGMURMN2tKQlRVb09lRWZmMTNYWmZFWXpkYjdELW41QnVZRXlhSDd0Z1pCTjVrTEt6bE9tSktTcUp5M0hmVFpFZG9zZFJmMDByMWgzMjFTbDdzS0NGNzNyVVY2U1hiVWJ5SEhRcW9Pb25odDkzUXc?oc=5
Issuer C,Credit Card Product,2026-04-02,"Chase Sapphire Preferred Unveils 100,000-Point Bonus Offer - NerdWallet",,NerdWallet,https://news.google.com/rss/articles/CBMingFBVV95cUxPdmRLdTN2SlNldWx3bHRRNzN3TFR5bFJsOGNVYzFMZ0hnTEk2SG1MOE1QNnlxM0hmREU0d2ZRbF9QVkdFWGM1RWJyTUVEY3dNeWRzVDRxVDZJRmItNHdJckdzV3gxNWlONUdsQUFoZHpRNkJpTHRWWlg1MTJWek9RNVBWSWFRUmljLVpwWDg3dUJzSVRobGpTTFM4WlZTZw?oc=5
Issuer C,Credit Card Product,2026-04-06,Why you need the Chase Trifecta in your wallet - The Points Guy,,The Points Guy,https://news.google.com/rss/articles/CBMiakFVX3lxTFBBWWJhcllDRjJac016MjdVdjl1eGNrcFpuRnlReFNGbW91Sng5elZtTjBXQ1lOSXFfN3VXTVJKOGJWOWJSYlRYSkJZZHVDWldKMEh4VWNCX1VSdFFQTDd0X2szUHN1QzIyMnc?oc=5
Issuer C,Credit Card Product,2026-04-06,"If You Have This Chase Credit Card, You Can Get a Free Whoop Membership - Yahoo Finance",,Yahoo Finance,https://news.google.com/rss/articles/CBMimAFBVV95cUxQWTZPeTBjOVFjNDI1V1AxZk8zZV9yUThDNkk3ZV82Q2ZlZzg5b0M2aWY5Z2JxVUxaWVZYaFpxaVhoN3haWHBEX1piVUpxSnh3RFM0TmpaSjRYTzBEQTBzUHh4Ml8xZUdHNTE1ZjBQTkdtTDhmM29HNHYyRWRzdWxkT241WkMtbGVTUFIzbEUyS1VoMU5iaXJvUA?oc=5
Issuer C,Credit Card Product,2026-04-08,6 ways the Sapphire Reserve cards make international travel even better - The Points Guy,,The Points Guy,https://news.google.com/rss/articles/CBMiigFBVV95cUxQWTlENmhiZ24yb1VzVHZqLVZ1NzJSVTN4blAxUFItald0VGtiZUJoV2Z3eDJkbWpoYXp3MGVTTWhPMXVzamx0aVJkVEtDTm14Tlo1WTZHb21mUHZLM3JEdDNiLTV1VG1RcjRFSkNYelN6SW9ZZWZCQ1RwSWVfRU9jdHpzWklvbkVuQWc?oc=5
Issuer C,Credit Card Product,2026-04-10,Chase Sapphire Reserve Welcome Offer Restrictions 2016 to 2026 - Upgraded Points,,Upgraded Points,https://news.google.com/rss/articles/CBMiqAFBVV95cUxNMDRyWHJqWHdfQ0RKZ0Jiekg2NEZUZHRWeHo2MlhGVi1IT2ZJZjgwOS0wbUpkUzYtRThKV2NTaXpUaElwbWhKd3E2RllHT3lOQUUzbzhPYXZfYUkzd3BWN0htZnFHMnNrY0tkd2tQRENibmgxdnM0WVlxOXVlWDU5VFI4RmtoTEw0RWxqckhGWGZWdXFwdVNRR0JXcWVsSU1oXzI1dTQxTjU?oc=5
Issuer C,Credit Card Product,2026-04-13,We pitted the Chase Sapphire Reserve against the Sapphire Preferred. Here’s who wins - CNN,,CNN,https://news.google.com/rss/articles/CBMijwFBVV95cUxQaXRFOVNYelQtcVlsaWFOYk1mdVkwel9xMzRBQjk4VEJRTFpnUFVZQ2twZWhKSDBDbVhMQklGeXZCZWhOQ01kWktYUVRMWHVjVGdhcWpGcm05enNyQzFmWk5PLWhVNzl6b3FpbzNhaUJyTDd6RWtjdVJ6VXdnV2R6eFZyazhFZEQwcy1JckZFVQ?oc=5
Issuer C,Credit Card Product,2026-04-14,Chase Ink Business Unlimited® awarded 2026 best small business credit card by NerdWallet - Chase Bank,,Chase Bank,https://news.google.com/rss/articles/CBMi0wFBVV95cUxNazJsTmZON2RseTV0TFRJTXpKNzRvN3B2ZHdRd0pBR0VHeksxNUdzSDBWMmY4NVVPazhEV0Qzc0EwRG5fNkl6ZkFCM0ZQd0xheEp2ZHJGRUJoTVJyMHlDV0VncVFENVZZc0pOQW5aS1lJM1V2NElKam9OR3JBb245OFdsQWRtdUNyMXd4d0lDWlRkYXZBTWxZU2R0T1NYclROMFpVZW1GX1ZubWRIeEg2bVRjS3FxaEoyZDZFNDdQSVQtRllKZXl3bEtxdmNXODZqX1RF?oc=5
Issuer C,Credit Card Product,2026-04-15,5 reasons I love recommending the Chase Freedom Unlimited to credit card beginners - The Points Guy,,The Points Guy,https://news.google.com/rss/articles/CBMidEFVX3lxTE9Fblp1RzRxUXJTVXVIUTZnMzZTQkUxSHJVdk9hS1Fqazc2MXU5dG1YUjVrZk8tZUVoa0g3S0Z2d3pyTmtmNXhKeVByc255cTVvR0p1elNuUnRwUGxRNmpULVFmcGw0NVY2VWhydTdBUzdTMWxC?oc=5
Issuer C,Credit Card Product,2026-04-15,Why I’m Prioritizing Chase Ultimate Rewards for 2026 Travel - Upgraded Points,,Upgraded Points,https://news.google.com/rss/articles/CBMifkFVX3lxTE1JenpYNGRwV2VneWRfLTBaaGhKbElOMjdDZk9NOUdtdjlzSVVhMEpnZVRCbVJkb0xwbi0wTnk0RVFsQW9CdG5jWXlJUTVfOEIzeWJxYUpDMENDeWI2UDJpNEhPMGhhQUx4N3BkZUZpZTJGRHNJWmZtNlQyWTZqUQ?oc=5
Issuer C,Credit Card Product,2026-04-15,The Best Chase Cards for Purchase Protection Benefits [2026] - Upgraded Points,,Upgraded Points,https://news.google.com/rss/articles/CBMijgFBVV95cUxPQjdFNjFsRkM5cnIxZGhUWFlmRzJSM3R4ajlOV0VTdnczTFc0UGh0ZkFCUTdqM2ZyczNfWVVwRVVIN0tHSkJ1bUhhZm9XYXJpOVdISzduVUJUejZGWlhheVNvV2ZldUlnYzJuZndSZ0k0UUhUb1EyamNacWQ3Z1h6R2VZRldNbXFYS2hraWhn?oc=5
Issuer C,Credit Card Product,2026-04-15,It’s Back: Save $100 on Chase Travel With This Targeted Promotion [Through June 30] - Upgraded Points,,Upgraded Points,https://news.google.com/rss/articles/CBMiaEFVX3lxTE9mYkUwbU1Mc1BnNnFjVVk3czhMTTVlaWRlSkw2U29Va3FJUlV6SXpPNHF4cVRZZnlNSkZMM1g4YTJraUNrcFRKRGJJelRyc2tsQjBFM0xHNTUyUHRoVDJvcDZDZlVBaVRF?oc=5
Issuer C,Credit Card Product,2026-04-16,[Targeted] $50 Chase Travel Credit for Select New Cardholders - Upgraded Points,,Upgraded Points,https://news.google.com/rss/articles/CBMifkFVX3lxTFAyNnZHUG5zUklmZ2FsX1dBa1A2b1J1bVZJbEtPZVo3Uk9EZkZtSThPQUgxc0REWFBSUnlPYV9Ea0h5eG4xMnF2bW45M0FBY185YUZoV0xtZENNNzIxY3J5VEhIOHRsZFZZUXRrRFR5WFhhbGc3X2ZKVDJNOWIyZw?oc=5
Issuer C,Credit Card Product,2026-04-16,How the Chase Freedom Flex card can earn a lot of cash-back rewards - CNN,,CNN,https://news.google.com/rss/articles/CBMihgFBVV95cUxOdEFYN2wtUy1kSXZWMVhFM0tHb19wNUlzUjkyTWlTTEd6WTVrYXBTcjM0TVJGOC0yNGlVTW9ONTNzSkJTY0ZCeW5XN0hCM25IYk52bzJXRzJMeXFwblhOUm9rS29wYnpRNjkyMU1veHYxMldzdnRoLXJVOHVMZGRDbmNDVmFLQQ?oc=5
Issuer C,Credit Card Product,2026-04-16,"Chase Aeroplan Credit Card Offering a Limited-Time 75,000 Welcome Bonus - U.S. News Money",,U.S. News Money,https://news.google.com/rss/articles/CBMiugFBVV95cUxNd1F3U0NHVVIyVVJROWh1UXIzMnBiOVphMEJ4TW0yY2JKRERWVEZDOEYzazV4N1o0MTVhaVQ5MFlnUzgzRmlYWjVPSDZ6ajluRUNaMmdSZnRZUS1WU2M3LW8yd3BCODZ3OXdaZTJMT1JiSG9fS1ZGVGZKcWQtVkhDaVJ1bzd1MkNjN2NSdnlyelNJMy1Ib2hnaGMtTGxoa3JJeTlkeXgtN2FfWmdud2ZzZUxfVG4tMXBCd1E?oc=5
Issuer C,Credit Card Product,2026-04-17,Expect Upgrade Offers From Chase Sapphire Preferred to Reserve Card - Upgraded Points,,Upgraded Points,https://news.google.com/rss/articles/CBMihwFBVV95cUxOYnNaNkxyZ2Zlb2RacHZ6QlU4ZmdzS1N4QW51QjBwSXMxTV9zcnZWNXllQXJyZUpnX3gyU3dEVkF1UnJLT2hIQTlqNngyb1hQdFZtZ2RYSkFPUS1yeXZnODJSSG93MUZzN3hreVNkdGdNcEF4c180c1VJWmhxWVpsMk9mcTJ4ZjA?oc=5
Issuer C,Credit Card Product,2026-04-17,How I Earned 500K Chase Ultimate Rewards Points in a Year - Upgraded Points,,Upgraded Points,https://news.google.com/rss/articles/CBMihgFBVV95cUxQS1hXalQ0MVR2dlBTZHpUZnI4cDhPMnFNUjRmbmtyeTZpeGlVZzVtaHJjZXYtMWhvaWJOV0NSNVl0eHJnU2s0ZEwyX2RfU2xpVUgtSktkU19UUnFEME12TUgtSHBMc1JhYWN0aHlrSkl3U0pUanZjamRvRDBGNHlGd04tRWhkQQ?oc=5
Issuer C,Credit Card Product,2026-04-17,Chase Freedom Unlimited®: Why This No Annual Fee Card Is Better Than It Looks - Thrifty Traveler,,Thrifty Traveler,https://news.google.com/rss/articles/CBMifEFVX3lxTE9IVG5GTy0tc0pJeDgxYy04OVFBVHBkTWYwNEJyWGhBcEExNGhEbDZIZkd6XzBSSk9XamdxQUI3QkJqRGxCLWN2N3EwSGlXNVNVOU9pOENDdkN5enlPTFhGRVNCeUNzMTVPSXNfSUY4R2UyNjFLU2NFQzJ4bGw?oc=5
Issuer C,Credit Card Product,2026-04-18,"How I Earned 100,000 Points With Chase Sapphire Preferred Card Referrals - Upgraded Points",,Upgraded Points,https://news.google.com/rss/articles/CBMihgFBVV95cUxNTTVPUGczR0x6eGhEUG1fN1VaUE5RdmYxYmgyXzByZ3NLdnNNVHhteVFFYk9aanhtNGhvS2FXUElaYVJGVWwtb3BtUGJpOVdKVVU2VGhDTlBtbTUzakYyQmdtX1g1U2lLMTItelIyWEMyNTg4R0FPbXlPeEJKUjlBZzVPNzBQdw?oc=5
Issuer C,Credit Card Product,2026-04-18,Chase Travel Offering up to 50% More Value When Using Points - Upgraded Points,,Upgraded Points,https://news.google.com/rss/articles/CBMifkFVX3lxTE5RellibUJpSXBBeFNuOFhqTU9qY1RDbXB6MFRfTFRPRUZ0WlRHdzZuM2xpNS1pWE1oc2lnaXZtZlRKczVVMmZVMzMtVjVxLUhTVXhZeVFkbDlZeWVnSzNuMXUwanNrTUpSZjZBZ1ozaUhzWXh2LTh3VlBUX0xuZw?oc=5
Issuer C,Credit Card Product,2026-04-23,Using Chase Sapphire Preferred 75K-Point Offer for a Beach Trip - Upgraded Points,,Upgraded Points,https://news.google.com/rss/articles/CBMie0FVX3lxTE5UZmtvNXRHc09KTkhjaTF1MGlzZjFtRjdOWERTYWNnYXZOUlZRSVJIZEFqdE8ybkZfd3VBbmhFTnZWME5tOFpZWGxrdnJwNm9rdHpHOXV5ZEN5MVRBa1QzdTZoRG55dzQxczNYdmR1cHJWQ1I5RUtRNFIydw?oc=5
Issuer C,Credit Card Product,2026-04-27,Earn a $200 Bonus With the No-Annual-Fee Chase Freedom Unlimited® - Thrifty Traveler,,Thrifty Traveler,https://news.google.com/rss/articles/CBMiiAFBVV95cUxQOTMtRG44dzQxUGdrVnNyYWR1UVRNeFZ1RXBPM0JKSjM4NkxHZjczamw2a0pmS3puWnBqUURfSXFKZHhfcE9yZjdzNF9rTW1fNWdremVQeGtmMkRENlRYdUoyUzVKTzl3Q3NKRnRhY01RNFdLeTFJVmhTNEl4N0U0VDhfUFhhZ2lK?oc=5
Issuer C,Credit Card Product,2026-04-28,Why Upgrade The Chase Sapphire Preferred To Chase Sapphire Reserve? - Forbes,,Forbes,https://news.google.com/rss/articles/CBMingFBVV95cUxQRS13SEpWQWUtNHRIcnBvbUltelh6Y3FHRUdJSi1XTU1lc3JCQ0RMeTdMTjlPVlVKbVdRQmRzemZFemp0WFJKWk9mMmFuNVhfZmlHZU5WV0ZUVHFra1VmakM0RkhwNXhGVXBQVUQ4bUZuV0hfZkF3RURoUnlsRnZLM0ZLdGgxMXVmMDhjVE1tbGFndGYyQXJVc0V2T2ZrQQ?oc=5
Issuer C,Credit Card Product,2026-04-28,Best Ultimate Rewards-Earning Credit Cards Of 2026 - Forbes,,Forbes,https://news.google.com/rss/articles/CBMimAFBVV95cUxQS0xONVFCQUxmVy1yUGotNDM1c2ZYbGlBM3gtbmdaWmJCVTRJLXZCWngzQXZQSDBZQUN0M3RqRndQa3BXNzZ4aTVLVDVRLXRaWmt1Z1VLME93eUY2SGJlV1FOdU9iYldhYW9oYWpSMmQxV0JmT1lXd29La2JBTVB0TER0VE1SSkxBXzdrS0hST21RZGtXa1Aycg?oc=5
Issuer C,Credit Card Product,2026-04-28,Why These 3 Chase Cards Are Worth Keeping Long-Term - Upgraded Points,,Upgraded Points,https://news.google.com/rss/articles/CBMidkFVX3lxTE9ldE9IcU9Pbi1KNXZLNjM4OVN1aVlBSjZ0bk5KYzgtNW15Z2Q4LUNiS09YMS1uWmpFUFJ4VHQzLTF5SFY4M1ppTDhDN1FiZ3h3OGxQYzVseFRjVWFhUnZWQnNHbkJLb1Jua28tMmMxR21MZm9YcXc?oc=5
Issuer C,Credit Card Product,2026-04-28,"EEEEEATSCON LA 2026: Here’s What to Eat, Drink, and Not Miss this Year - Chase Media Center",,Chase Media Center,https://news.google.com/rss/articles/CBMiXEFVX3lxTE1wbnNRaXZwQkFWWmhWWTVtSDdzQWxzZ3QyRjc2LXo5VzYxWF81TU84b0xWUWg3STVfWFRoTVVWMG1md0s4d2k0dUR2cVR0eXZVc1did0I5ZDlYcjFw?oc=5
Issuer C,Credit Card Product,2026-04-29,15 Things To Do When You Get the Chase Sapphire Reserve Business Card [2026] - Upgraded Points,,Upgraded Points,https://news.google.com/rss/articles/CBMinwFBVV95cUxPNlJOLTh2ZUc3bHNOeVZiZndQMnVqbFNYZlRWSk5pcm5xWi1HdW9UdXU0V0ZvNDhiTG1OLWEyWDZ0djROeFR2S3R3WUVpOW8zQUZrd3NrLUJyNUp6cnlOLWl2Ry14VFJQNEtydXN3YjVTYzJQcm5DeWhnNXRQMGVweGw3MWh0ZDRBZy1QZjFPQnNwWVJUOVF0cnhkcm9UTEk?oc=5
Issuer C,Credit Card Product,2026-04-30,Chase Limits Customers to Just One Sapphire Card (Now Reversed) - NerdWallet,,NerdWallet,https://news.google.com/rss/articles/CBMimgFBVV95cUxQcl9RaWd6SW5fWUxyV2dtUE5iSkNQbmg1WFNjRWctcFFCZFFvTzI4TVVNc0ZORWkwQk54Wm03Z3VLeFVrYUtBLUxHQmlZdG5aZm1OZ0Z0eEZpRFlwZThWTGZScmZBN1U0YkZYWXQ4Nm1Ka2JBMHo2Zmp3NlU5MjJnZkpqc2N4UHNUQ21xTVh3UkRyXzRLLS1OYW9B?oc=5
Issuer C,Credit Card Product,2026-04-30,Chase’s Refer-A-Friend: How It Works for Both Parties - NerdWallet,,NerdWallet,https://news.google.com/rss/articles/CBMicEFVX3lxTFBhOW5WY21HRllZZy0wOXZOUWJEbWhRLUl1cGpJa0JzWmxWcEVxYTE4bFFyNkRDV0phOEZYMmR5RHdUWUh5ajY2aHFYUWlIQXBwVkNpVHNsS2FJekprbGM5VXNkWHZJbHh2OTk3Y19PRDM?oc=5
Issuer C,Credit Card Product,2026-04-30,Best Chase Balance Transfer Credit Cards - NerdWallet,,NerdWallet,https://news.google.com/rss/articles/CBMijwFBVV95cUxNa2xoVGZ3SjdiRmdtT2FPcEVFNkxmWTA2QjBQWHV2UmY5TFp0LVlIanFEdEp5TkZORXVrbVNtMS1ZQ2p2amNKQjJtaGZlOUcwSUNfbmJUUzk5VTl5NTRzSzBqVFpmWnRYdEhtNmZ0eF9hbmlPYkRMb0dsMkxSODVaeTJNQ0prejlzd2UxRHZyYw?oc=5
Issuer C,Credit Card Product,2026-04-30,Chase Sapphire Reserve® Review - Bankrate,,Bankrate,https://news.google.com/rss/articles/CBMieEFVX3lxTE5PQXVlUEgteWV0NC15WHI2YzNSR0lreXh5NmtNVHlkcjJXWlZwS1pVbDFvbk43d0tzWjFydWVFaURLZ3ViSHp3Z3BIcHl3d21XNUxNaXJqWkY5Ym0xOERDVzNPTUY4UFQ5X25sQTNtZ0J0bHdvV00zWQ?oc=5
Issuer C,Credit Card Product,2026-04-30,Best Hotels in London | Chase Travel - Chase Bank,,Chase Bank,https://news.google.com/rss/articles/CBMicEFVX3lxTE04MnhabHJXYnVwZkIzUnJ5Qnk3QlB1anVTUXZOY3Q1OXgwMUxtc3pScDRtX1BoMXZHWUFJZXE0OGtjVEhlcktjMjR2QjU0dk85OXZhcUM0NWoyR2otTmlnTEN2S3N0UVdqUXFCQm93YU0?oc=5
Issuer C,Credit Card Product,2026-04-30,The Chase Sapphire Reserve has a big limited-time welcome offer - CNN,,CNN,https://news.google.com/rss/articles/CBMihgFBVV95cUxPNG5rMG9xUXJyMl9INjFkaEhFbVZPVmsxNUVQWkw4Sy1xNk1JRHZMSTNrSGFSMHV3TEtnMUFHQzlqZmw2WEFOZU1FRm5SaVE4YUt2LXU2RnJ4cXhrME8ybVBpTEdkbDF0b29FRHhvek4ycDAzZ1FaWmdFTDk4VU8xa1dMRjVRdw?oc=5
Issuer C,Credit Card Product,2026-04-30,"Best-Ever Chase Sapphire Reserve Card Offer: 150,000-Point Welcome Bonus Is Live - Forbes",,Forbes,https://news.google.com/rss/articles/CBMikgFBVV95cUxPM1RydUtJNnZJNjZBWldmZFA0a2I4M1lMcS1QYXY3MnNKWkVENEZRR1AtSHNYRGdHQkZEQ2NwZUhGZWFNbTNyRDFoZ1I0WHlYOTR2Ymg1M3Eyb2w2TkluclRNYVA3YTVRb1JfRzlmUDhFcjdtcnhWd1lTT3ZGZ2hvaVc2RzZUSnNNUHdrTlBGTFpZdw?oc=5
Issuer C,Loyalty / Program,2026-04-07,CNBC Points Pro: How soon should I use my credit card points after earning them? - CNBC,,CNBC,https://news.google.com/rss/articles/CBMickFVX3lxTE56czZGYzhFcVdqb0VsbE5CMjlJazVhSlVEbG1fRmVBcjl3NmFjYy0tUmtkNWhKS0JKRHZMTnZlMnlUMkYxZWdrOGgzYlkyU19IX3JtYWwxT3FGUTZhcEVRX0ZvWEJOYmlTc0kwQnk1MTRQZ9IBd0FVX3lxTE1wNU9HTXFyVjRNYTVKS3dOc3VxcWwyTHZfM0p1SU16cFZSbjh5UXNNOVVoVjlxazNqN1ZNUVBJVkEtTkpHcWlYd2Y3LThMY3AyU2tjS1BpeW90QTVPektoWU8tRnB3cjE2TG9ZODRwUU5FUnY2dWMw?oc=5
Issuer C,Loyalty / Program,2026-04-10,World of Hyatt wish list: 2 TPG Globalists on their dream program changes - The Points Guy,,The Points Guy,https://news.google.com/rss/articles/CBMia0FVX3lxTE1vVVRXRGJHdFQzNDRydGdCb2x2dmRhT0FCck5aNDV1YTJBSXEwNkl1VllHa25ieWMyaWpSdm15THRFcjRxTWVVTTRFcnlvM2lBSGwxOUN2Q0JGOVlha19QazhhaC1hQkI4eGlF?oc=5
Issuer C,Loyalty / Program,2026-04-15,My 3 Favorite Chase Transfer Partners To Get 2+ Cents per Point Value - Upgraded Points,,Upgraded Points,https://news.google.com/rss/articles/CBMihgFBVV95cUxQdDBROHFCVUhucTZzUlhfUm9RSUVzdHFpU2xheTd6MjNndDNFRDY5dzlsNkpZM1pDSTV3OXdxVGNXd25NREFSeUsxOGVTSkVYR3lyS1lHTzFtM2NYV0paYlhDejI0TXZ1dThwU2xuZEl0cUVwa2xqUUlJakhzS0FFaXlwSUNkUQ?oc=5
Issuer C,Loyalty / Program,2026-04-15,"How I Got the Legacy Chase Freedom Card, Even Though It’s Closed to New Applicants - Upgraded Points",,Upgraded Points,https://news.google.com/rss/articles/CBMie0FVX3lxTFA3dUhkakFRSElLemNaSENsQ3VvektNNW5MRUVYalN1a0FfaVRQUEFqbzRRdXdOYTRyR2JQa1JYTHhMc1lBdHFpWGM3TDJjNW50b1h5c2I2UmFvd09ZdFFUVEZRQ0k2cnMtNldJamhZZ1RRN2FrenFnVXFnNA?oc=5
Issuer C,Loyalty / Program,2026-04-21,Chase Points Boost just hit highest-ever 2.5 cents per point value on these 11 luxury hotels - The Points Guy,,The Points Guy,https://news.google.com/rss/articles/CBMijwFBVV95cUxOV0R2WU9KWmRabThZZU5RMDZpZUxlOFM5VzhqYjRMUXE5UUJEcHBER0Q4d04tWmxVTXhlbW1fR0RNS1F4cnBLSzk0ZDF6ODhJNGIxYjhSd3RYN3U2b2x5REJTWG9iUFJKeGJIckJNcmxrbF9tVWVXdEs0Y21kcUJkR1Rpd0VkaThJZ2NCeHdWSQ?oc=5
Issuer C,Loyalty / Program,2026-04-21,"Why I just redeemed 402,000 points for Hyatt stays — and which hotels I spent them on - The Points Guy",,The Points Guy,https://news.google.com/rss/articles/CBMie0FVX3lxTE1DSldMd3UxNmd4ZHZ0M0EtUl9TSzBHVE5YVV8ydUpYeG9RdlJPQk5NbVdVOU16OTFOSDA2MW53QVR1Rm93YzVYcWxBbmtlY0tjMXVzRzZBQXFyaGhVWlRsZGNXcWtDV2dTemd1MlNZMXBrQWxmS3RPMllJYw?oc=5
Issuer C,Loyalty / Program,2026-04-30,Making the Most of the Chase Freedom Unlimited - NerdWallet,,NerdWallet,https://news.google.com/rss/articles/CBMiiAFBVV95cUxOS0JGX0RHb3RzU0tLSmQ1QktzMjYwaXFCMG1rXzZBYnNtVmNVMUtFdGxKWW5VM24yQXVGOXFhLVFMMk94c0hQd1ZvS280a29oNk5HNHF3ZEFmSzRidGpkZ0FMWUFNWThHZUhaT1doZ2hwXzlPeVh6YWVCanp2SXYzRUstVC00c1Bl?oc=5
Issuer C,Loyalty / Program,2026-04-30,"Chase Sapphire Reserve Adds Monthly Lyft Credit, Slashes Points Earning - NerdWallet",,NerdWallet,https://news.google.com/rss/articles/CBMidkFVX3lxTE1tczVVeHRoN2c3QndFd19VOWxPT0xhcksyeTZjUHJ1YWdId00xak5yY1hrWmRZTUFXTWRqVEdzMXRkS2Z2andWZVloTWhmdHU0dWNEQng3a2xUY05QRkFjWGVDajY1ZjREUWEwSEUyZ3BtcmFXQ2c?oc=5
Issuer C,Loyalty / Program,2026-04-30,Chase Sapphire Preferred® Card Airline Partners: Which Airlines Are Available? - FinanceBuzz,,FinanceBuzz,https://news.google.com/rss/articles/CBMic0FVX3lxTE54dE5lQWZhY3JLUHlKWWdZcGE1QjdvdFFtbjJLcEZtdmpGajNjWE9ucUJtX1NPclRrWlNlckVWWE9Iams5NEVzUnVCOHhQYUNfR3pfZ1hFNnRPd1ZvT3lrRl9GQ0QtZ2lqS1cyWXFxa0xsbjQ?oc=5
